state,year,localid,name,e1,e2,e3,e4,et,e2_impute
NJ,2014,010010,absecon city,0,0,54,15,69,1
NJ,2014,010110,atlantic city,0,21,629,20,670,0
NJ,2014,010120,atlantic co vocational,0,0,82,24,106,1
NJ,2014,010125,atlantic co special serv,NA,NA,59,NA,66,0
NJ,2014,010570,brigantine city,0,0,19,47,66,1
NJ,2014,010590,buena regional,NA,NA,142,NA,152,0
NJ,2014,011300,egg harbor city,NA,3,26,19,48,1
NJ,2014,011310,egg harbor twp,NA,8,468,100,576,1
NJ,2014,011410,estell manor city,NA,NA,NA,10,15,0
NJ,2014,011540,folsom boro,0,0,17,21,38,1
NJ,2014,011690,galloway twp,0,0,285,14,299,1
NJ,2014,011790,greater egg harbor reg,NA,3,154,118,275,1
NJ,2014,011940,hamilton twp,NA,15,166,48,229,1
NJ,2014,011960,hammonton town,NA,1,124,114,239,1
NJ,2014,012680,linwood city,NA,NA,NA,NA,81,0
NJ,2014,012910,mainland regional,NA,NA,115,NA,116,0
NJ,2014,013020,margate city,0,0,38,10,48,1
NJ,2014,013480,mullica twp,0,0,38,23,61,1
NJ,2014,013720,northfield city,NA,2,65,19,86,1
NJ,2014,014180,pleasantville city,NA,9,311,21,341,1
NJ,2014,014240,port republic city,NA,NA,13,NA,15,0
NJ,2014,014800,somers point city,0,0,89,15,104,1
NJ,2014,015350,ventnor city,NA,2,66,11,79,1
NJ,2014,015760,weymouth twp,NA,NA,19,NA,20,0
NJ,2014,030040,allendale boro,NA,NA,67,NA,76,0
NJ,2014,030080,alpine boro,NA,NA,15,NA,22,0
NJ,2014,030285,bergen co special service,NA,4,85,93,182,1
NJ,2014,030290,bergen county vocational,NA,4,165,36,205,1
NJ,2014,030300,bergenfield boro,NA,3,188,56,247,1
NJ,2014,030440,bogota boro,NA,2,40,60,102,1
NJ,2014,030740,carlstadt boro,NA,NA,NA,33,40,0
NJ,2014,030745,carlstadt-east rutherford,NA,NA,NA,NA,39,0
NJ,2014,030890,cliffside park boro,0,0,27,160,187,1
NJ,2014,030930,closter boro,0,0,64,19,83,1
NJ,2014,030990,cresskill boro,NA,2,117,13,132,1
NJ,2014,031070,demarest boro,NA,NA,64,NA,70,0
NJ,2014,031130,dumont boro,0,0,157,55,212,1
NJ,2014,031230,east rutherford boro,0,0,23,39,62,1
NJ,2014,031270,edgewater boro,NA,1,37,22,60,1
NJ,2014,031345,elmwood park,NA,NA,137,NA,147,0
NJ,2014,031360,emerson boro,NA,NA,88,NA,93,0
NJ,2014,031370,englewood city,NA,20,241,NA,270,0
NJ,2014,031380,englewood cliffs boro,NA,2,30,17,49,1
NJ,2014,031450,fair lawn boro,NA,3,239,140,382,1
NJ,2014,031470,fairview boro,NA,5,68,11,84,1
NJ,2014,031550,fort lee boro,NA,5,223,25,253,1
NJ,2014,031580,franklin lakes boro,0,0,22,125,147,1
NJ,2014,031700,garfield city,NA,2,371,58,431,1
NJ,2014,031760,glen rock boro,NA,1,145,53,199,1
NJ,2014,031860,hackensack city,NA,4,356,32,392,1
NJ,2014,032050,harrington park boro,NA,NA,NA,54,55,0
NJ,2014,032080,hasbrouck heights boro,0,0,101,25,126,1
NJ,2014,032090,haworth boro,NA,NA,NA,NA,42,0
NJ,2014,032180,hillsdale boro,0,0,35,19,54,1
NJ,2014,032200,ho ho kus boro,0,0,25,29,54,1
NJ,2014,032620,leonia boro,NA,NA,149,NA,157,0
NJ,2014,032710,little ferry boro,0,0,13,10,23,1
NJ,2014,032740,lodi borough,NA,NA,222,NA,232,0
NJ,2014,032860,lyndhurst twp,NA,2,141,20,163,1
NJ,2014,032900,mahwah twp,NA,1,195,53,249,1
NJ,2014,033060,maywood boro,0,0,56,13,69,1
NJ,2014,033170,midland park boro,NA,NA,91,NA,99,0
NJ,2014,033330,montvale boro,0,0,19,49,68,1
NJ,2014,033550,new milford boro,NA,6,102,43,151,1
NJ,2014,033600,north arlington boro,NA,NA,126,NA,134,0
NJ,2014,033700,northern highlands reg,0,0,94,17,111,1
NJ,2014,033710,northern valley regional,NA,4,162,85,251,1
NJ,2014,033730,northvale boro,NA,NA,46,NA,47,0
NJ,2014,033740,norwood boro,0,0,34,11,45,1
NJ,2014,033760,oakland boro,0,0,88,28,116,1
NJ,2014,033850,old tappan boro,0,0,45,20,65,1
NJ,2014,033870,oradell boro,NA,NA,NA,NA,62,0
NJ,2014,033910,palisades park,NA,NA,130,NA,139,0
NJ,2014,033930,paramus boro,NA,5,217,79,301,1
NJ,2014,033940,park ridge boro,NA,3,78,34,115,1
NJ,2014,033960,pascack valley regional,0,0,113,48,161,1
NJ,2014,034300,ramapo-indian hill reg,0,0,134,64,198,1
NJ,2014,034310,ramsey boro,NA,3,192,43,238,1
NJ,2014,034370,ridgefield boro,NA,2,135,21,158,1
NJ,2014,034380,ridgefield park twp,0,0,74,86,160,1
NJ,2014,034390,ridgewood village,NA,4,289,130,423,1
NJ,2014,034405,river dell regional,NA,2,105,20,127,1
NJ,2014,034410,river edge boro,NA,1,68,21,90,1
NJ,2014,034430,river vale twp,NA,2,71,23,96,1
NJ,2014,034470,rochelle park twp,NA,NA,31,NA,41,0
NJ,2014,034600,rutherford boro,0,0,173,27,200,1
NJ,2014,034610,saddle brook twp,NA,1,102,59,162,1
NJ,2014,034620,saddle river boro,NA,NA,22,NA,23,0
NJ,2014,034845,south bergen jointure com,NA,1,20,28,49,1
NJ,2014,034870,south hackensack twp,NA,NA,12,NA,22,0
NJ,2014,035150,teaneck twp,NA,3,272,49,324,1
NJ,2014,035160,tenafly boro,0,0,146,147,293,1
NJ,2014,035330,upper saddle river boro,NA,1,87,15,103,1
NJ,2014,035410,waldwick boro,NA,1,126,15,142,1
NJ,2014,035430,wallington boro,NA,NA,77,NA,82,0
NJ,2014,035755,westwood regional,NA,4,105,111,220,1
NJ,2014,035830,wood-ridge boro,NA,1,74,17,92,1
NJ,2014,035880,woodcliff lake boro,0,0,51,15,66,1
NJ,2014,035920,wyckoff twp,0,0,71,117,188,1
NJ,2014,050200,bass river twp,NA,NA,NA,NA,15,0
NJ,2014,050380,beverly city,NA,NA,NA,NA,25,0
NJ,2014,050475,bordentown regional,0,0,129,42,171,1
NJ,2014,050600,burlington city,NA,11,122,36,169,1
NJ,2014,050605,burlington co spec serv,NA,NA,125,NA,127,0
NJ,2014,050610,burlington co vocational,NA,NA,144,NA,148,0
NJ,2014,050620,burlington twp,NA,2,284,16,302,1
NJ,2014,050830,chesterfield twp,NA,NA,48,NA,50,0
NJ,2014,050840,cinnaminson twp,NA,1,105,90,196,1
NJ,2014,051030,delanco twp,NA,NA,28,NA,32,0
NJ,2014,051060,delran twp,NA,1,145,62,208,1
NJ,2014,051250,eastampton twp,NA,NA,54,NA,56,0
NJ,2014,051280,edgewater park twp,NA,1,35,32,68,1
NJ,2014,051420,evesham twp,0,0,138,211,349,1
NJ,2014,051520,florence twp,NA,NA,112,NA,113,0
NJ,2014,051910,hainesport twp,0,0,34,25,59,1
NJ,2014,052610,lenape regional,0,0,275,285,560,1
NJ,2014,052850,lumberton twp,NA,1,95,21,117,1
NJ,2014,052960,mansfield twp,0,0,40,17,57,1
NJ,2014,053010,maple shade twp,NA,NA,167,NA,171,0
NJ,2014,053070,medford lakes boro,NA,NA,NA,29,39,0
NJ,2014,053080,medford twp,NA,1,114,75,190,1
NJ,2014,053360,moorestown twp,0,0,142,172,314,1
NJ,2014,053430,mount holly twp,NA,2,42,43,87,1
NJ,2014,053440,mount laurel twp,NA,2,205,124,331,1
NJ,2014,053540,new hanover twp,NA,NA,NA,14,22,0
NJ,2014,053650,north hanover twp,NA,2,87,22,111,1
NJ,2014,053690,northern burlington reg,NA,1,120,27,148,1
NJ,2014,053920,palmyra boro,NA,1,54,19,74,1
NJ,2014,054050,pemberton twp,NA,4,295,106,405,1
NJ,2014,054320,rancocas valley regional,NA,4,69,37,110,1
NJ,2014,054450,riverside twp,NA,1,102,15,118,1
NJ,2014,054460,riverton,NA,NA,18,NA,26,0
NJ,2014,054740,shamong twp,0,0,43,11,54,1
NJ,2014,054930,southampton twp,NA,NA,60,NA,66,0
NJ,2014,055010,springfield twp,0,0,18,10,28,1
NJ,2014,055130,tabernacle twp,NA,1,38,23,62,1
NJ,2014,055490,washington twp,NA,NA,NA,NA,6,0
NJ,2014,055720,westampton,NA,9,27,18,54,1
NJ,2014,055805,willingboro twp,NA,18,190,NA,215,0
NJ,2014,055890,woodland twp,NA,NA,14,NA,16,0
NJ,2014,070150,audubon boro,0,0,101,30,131,1
NJ,2014,070190,barrington boro,NA,NA,45,NA,55,0
NJ,2014,070260,bellmawr boro,NA,2,59,19,80,1
NJ,2014,070330,berlin boro,0,0,40,30,70,1
NJ,2014,070340,berlin twp,NA,NA,51,NA,61,0
NJ,2014,070390,black horse pike regional,0,15,173,83,271,0
NJ,2014,070580,brooklawn boro,NA,NA,NA,NA,31,0
NJ,2014,070680,camden city,11,149,821,33,1014,0
NJ,2014,070700,camden county vocational,NA,3,120,63,186,1
NJ,2014,070800,cherry hill twp,NA,NA,796,NA,813,0
NJ,2014,070880,clementon boro,NA,NA,42,NA,46,0
NJ,2014,070940,collingswood boro,NA,1,156,14,171,1
NJ,2014,071255,eastern camden county reg,NA,NA,127,NA,128,0
NJ,2014,071720,gibbsboro boro,NA,NA,20,NA,27,0
NJ,2014,071770,gloucester city,NA,2,65,123,190,1
NJ,2014,071780,gloucester twp,NA,7,487,20,514,1
NJ,2014,071880,haddon heights boro,NA,NA,111,NA,120,0
NJ,2014,071890,haddon twp,NA,2,75,55,132,1
NJ,2014,071900,haddonfield boro,NA,1,112,76,189,1
NJ,2014,072540,laurel springs boro,NA,NA,11,NA,17,0
NJ,2014,072560,lawnside boro,NA,NA,12,NA,18,0
NJ,2014,072670,lindenwold boro,NA,6,160,15,181,1
NJ,2014,072890,magnolia boro,NA,NA,NA,NA,7,0
NJ,2014,073110,merchantville boro,NA,NA,29,NA,32,0
NJ,2014,073420,mount ephraim boro,0,0,22,10,32,1
NJ,2014,073770,oaklyn boro,NA,NA,36,NA,37,0
NJ,2014,074060,pennsauken twp,NA,9,316,22,347,1
NJ,2014,074110,pine hill boro,0,0,144,28,172,1
NJ,2014,074590,runnemede boro,NA,NA,59,NA,67,0
NJ,2014,074790,somerdale boro,NA,NA,43,NA,45,0
NJ,2014,075035,sterling high school dist,NA,NA,65,NA,72,0
NJ,2014,075080,stratford boro,0,0,23,35,58,1
NJ,2014,075400,voorhees twp,0,0,107,123,230,1
NJ,2014,075560,waterford twp,0,0,60,14,74,1
NJ,2014,075820,winslow twp,0,14,377,24,415,0
NJ,2014,075900,woodlynne boro,NA,NA,16,NA,23,0
NJ,2014,090170,avalon boro,NA,NA,NA,NA,16,0
NJ,2014,090710,cape may city,NA,NA,NA,NA,19,0
NJ,2014,090715,cape may co special serv,0,0,18,24,42,1
NJ,2014,090720,cape may co vocational,0,0,14,49,63,1
NJ,2014,091080,dennis twp,NA,NA,56,NA,58,0
NJ,2014,092820,lower cape may regional,0,0,108,29,137,1
NJ,2014,092840,lower twp,NA,2,73,63,138,1
NJ,2014,093130,middle twp,NA,1,113,91,205,1
NJ,2014,093680,north wildwood city,NA,1,19,20,40,1
NJ,2014,093780,ocean city,NA,2,173,12,187,1
NJ,2014,095060,stone harbor boro,NA,NA,NA,NA,15,0
NJ,2014,095340,upper twp,0,0,16,95,111,1
NJ,2014,095610,west cape may boro,NA,NA,NA,NA,10,0
NJ,2014,095790,wildwood city,NA,4,57,29,90,1
NJ,2014,095800,wildwood crest boro,NA,NA,27,NA,33,0
NJ,2014,095840,woodbine boro,NA,NA,NA,18,24,0
NJ,2014,110540,bridgeton city,NA,9,436,48,493,1
NJ,2014,110950,commercial twp,NA,NA,37,NA,43,0
NJ,2014,110995,cumberland co vocational,NA,NA,25,NA,28,0
NJ,2014,110997,cumberland regional,NA,2,73,13,88,1
NJ,2014,111020,deerfield twp,NA,NA,24,NA,29,0
NJ,2014,111120,downe twp,NA,NA,12,NA,18,0
NJ,2014,111460,fairfield twp,NA,2,14,34,50,1
NJ,2014,111820,greenwich twp,NA,NA,NA,NA,8,0
NJ,2014,112270,hopewell twp,0,0,20,19,39,1
NJ,2014,112570,lawrence twp,NA,NA,39,NA,42,0
NJ,2014,113050,maurice river twp,NA,NA,25,NA,32,0
NJ,2014,113230,millville city,NA,2,398,49,449,1
NJ,2014,115070,stow creek twp,NA,NA,NA,NA,11,0
NJ,2014,115300,upper deerfield twp,NA,2,43,27,72,1
NJ,2014,115390,vineland city,0,13,500,232,745,0
NJ,2014,130250,belleville town,NA,2,204,127,333,1
NJ,2014,130410,bloomfield twp,NA,1,166,299,466,1
NJ,2014,130660,caldwell-west caldwell,NA,1,61,141,203,1
NJ,2014,130760,cedar grove twp,NA,3,101,16,120,1
NJ,2014,131210,east orange,NA,80,729,NA,867,0
NJ,2014,131390,essex co voc-tech,NA,4,163,13,180,1
NJ,2014,131400,essex fells boro,0,0,12,17,29,1
NJ,2014,131465,fairfield twp,0,0,36,21,57,1
NJ,2014,131750,glen ridge boro,NA,2,111,33,146,1
NJ,2014,132330,irvington township,NA,68,390,NA,490,0
NJ,2014,132730,livingston twp,0,0,143,274,417,1
NJ,2014,133190,millburn twp,NA,1,341,60,402,1
NJ,2014,133310,montclair town,NA,5,384,117,506,1
NJ,2014,133570,newark city,94,314,2058,309,2775,0
NJ,2014,133630,north caldwell boro,0,0,31,32,63,1
NJ,2014,133750,nutley town,0,16,242,13,271,0
NJ,2014,133880,city of orange twp,NA,39,379,NA,422,0
NJ,2014,134530,roseland boro,NA,NA,30,NA,41,0
NJ,2014,134900,south orange-maplewood,NA,7,263,133,403,1
NJ,2014,135370,verona boro,NA,2,101,59,162,1
NJ,2014,135630,west essex regional,NA,1,126,16,143,1
NJ,2014,135680,west orange town,NA,8,517,13,538,1
NJ,2014,150860,clayton boro,NA,NA,110,NA,118,0
NJ,2014,150870,clearview regional,NA,1,60,106,167,1
NJ,2014,151100,deptford twp,0,0,225,81,306,1
NJ,2014,151180,east greenwich twp,NA,3,72,12,87,1
NJ,2014,151330,elk twp,NA,NA,25,NA,34,0
NJ,2014,151590,franklin twp,NA,4,95,13,112,1
NJ,2014,151715,gateway regional,NA,5,67,10,82,1
NJ,2014,151730,glassboro,NA,1,148,26,175,1
NJ,2014,151774,gloucester co spec serv,NA,NA,74,NA,80,0
NJ,2014,151775,gloucester co vocational,NA,NA,70,NA,79,0
NJ,2014,151830,greenwich twp,0,0,21,19,40,1
NJ,2014,152070,harrison twp,0,0,100,14,114,1
NJ,2014,152440,kingsway regional,NA,NA,155,NA,162,0
NJ,2014,152750,logan twp,NA,NA,67,NA,77,0
NJ,2014,152990,mantua twp,NA,2,48,69,119,1
NJ,2014,153280,monroe twp,NA,14,190,206,410,1
NJ,2014,153490,national park boro,0,0,11,15,26,1
NJ,2014,154020,paulsboro boro,NA,5,92,13,110,1
NJ,2014,154140,pitman boro,NA,NA,107,NA,112,0
NJ,2014,154880,south harrison twp,NA,NA,24,NA,25,0
NJ,2014,154940,delsea regional h.s dist.,NA,NA,118,NA,126,0
NJ,2014,155120,swedesboro-woolwich,NA,NA,86,NA,89,0
NJ,2014,155500,washington twp,NA,4,543,109,656,1
NJ,2014,155590,wenonah boro,NA,NA,NA,16,21,0
NJ,2014,155620,west deptford twp,NA,3,147,57,207,1
NJ,2014,155740,westville boro,0,0,18,15,33,1
NJ,2014,155860,woodbury city,NA,3,52,80,135,1
NJ,2014,155870,woodbury heights boro,NA,NA,NA,21,25,0
NJ,2014,170220,bayonne city,NA,8,657,14,679,1
NJ,2014,171200,east newark boro,NA,NA,15,NA,18,0
NJ,2014,171850,guttenberg town,NA,3,55,14,72,1
NJ,2014,172060,harrison town,NA,1,56,92,149,1
NJ,2014,172210,hoboken city,NA,11,157,NA,177,0
NJ,2014,172295,hudson county vocational,0,0,148,63,211,1
NJ,2014,172390,jersey city,NA,113,1824,106,2043,1
NJ,2014,172410,kearny town,NA,1,386,42,429,1
NJ,2014,173610,north bergen twp,NA,3,461,103,567,1
NJ,2014,174730,secaucus town,NA,1,85,74,160,1
NJ,2014,175240,union city,0,11,566,86,663,0
NJ,2014,175580,weehawken twp,NA,NA,95,NA,107,0
NJ,2014,175670,west new york town,NA,4,389,160,553,1
NJ,2014,190020,alexandria twp,0,0,25,29,54,1
NJ,2014,190370,bethlehem twp,NA,1,36,13,50,1
NJ,2014,190430,bloomsbury boro,NA,NA,NA,NA,16,0
NJ,2014,190670,califon boro,NA,NA,12,NA,18,0
NJ,2014,190910,clinton town,0,0,29,15,44,1
NJ,2014,190920,clinton twp,NA,1,112,70,183,1
NJ,2014,191040,delaware twp,NA,NA,NA,37,44,0
NJ,2014,191050,delaware valley regional,NA,NA,70,NA,71,0
NJ,2014,191160,east amwell twp,NA,NA,38,NA,43,0
NJ,2014,191510,flemington-raritan reg,NA,1,206,129,336,1
NJ,2014,191600,franklin twp,NA,1,19,12,32,1
NJ,2014,191680,frenchtown boro,NA,NA,15,NA,18,0
NJ,2014,191970,hampton boro,NA,NA,NA,NA,13,0
NJ,2014,192140,high bridge boro,NA,NA,37,NA,45,0
NJ,2014,192220,holland twp,0,0,22,41,63,1
NJ,2014,192300,hunterdon central reg,NA,1,175,57,233,1
NJ,2014,192305,hunterdon co ed ser comm,NA,NA,NA,NA,13,0
NJ,2014,192308,hunterdon co vocational,NA,NA,14,NA,15,0
NJ,2014,192450,kingwood twp,NA,NA,33,NA,38,0
NJ,2014,192530,lambertville city,NA,NA,NA,21,28,0
NJ,2014,192590,lebanon boro,NA,NA,NA,NA,12,0
NJ,2014,192600,lebanon twp,NA,NA,61,NA,67,0
NJ,2014,193180,milford boro,NA,NA,12,NA,14,0
NJ,2014,193660,n hunt/voorhees regional,NA,3,135,79,217,1
NJ,2014,194350,readington twp,NA,1,70,97,168,1
NJ,2014,194890,south hunterdon regional,NA,1,22,17,40,1
NJ,2014,195050,stockton boro,NA,NA,NA,NA,7,0
NJ,2014,195180,tewksbury twp,0,0,45,21,66,1
NJ,2014,195270,union twp,NA,NA,33,NA,43,0
NJ,2014,195600,west amwell twp,NA,NA,NA,21,26,0
NJ,2014,211245,east windsor regional,NA,6,301,83,390,1
NJ,2014,211430,ewing twp,0,0,19,298,317,1
NJ,2014,211950,hamilton twp,NA,8,656,267,931,1
NJ,2014,212280,hopewell valley regional,0,0,246,135,381,1
NJ,2014,212580,lawrence twp,NA,2,241,67,310,1
NJ,2014,213103,mercer co special service,0,0,57,42,99,1
NJ,2014,213105,mercer county vocational,NA,NA,25,NA,36,0
NJ,2014,214255,princeton regional,NA,4,143,155,302,1
NJ,2014,215210,trenton city,NA,47,729,72,848,1
NJ,2014,215510,robbinsville twp,NA,6,183,26,215,1
NJ,2014,215715,w windsor-plainsboro reg,NA,5,208,475,688,1
NJ,2014,230750,carteret boro,NA,NA,255,NA,262,0
NJ,2014,230970,cranbury twp,NA,NA,45,NA,54,0
NJ,2014,231140,dunellen boro,NA,2,70,20,92,1
NJ,2014,231170,east brunswick twp,0,14,498,131,643,0
NJ,2014,231290,edison twp,NA,4,715,368,1087,1
NJ,2014,232150,highland park boro,0,0,120,12,132,1
NJ,2014,232370,jamesburg boro,NA,NA,48,NA,51,0
NJ,2014,233120,metuchen boro,NA,3,124,25,152,1
NJ,2014,233140,middlesex boro,NA,1,152,10,163,1
NJ,2014,233145,middlesex co reg ser comm,NA,9,94,22,125,1
NJ,2014,233150,middlesex co vocational,NA,5,107,56,168,1
NJ,2014,233220,milltown boro,0,0,41,10,51,1
NJ,2014,233290,monroe twp,NA,4,166,294,464,1
NJ,2014,233530,new brunswick city,NA,22,448,82,552,1
NJ,2014,233620,north brunswick twp,0,0,167,241,408,1
NJ,2014,233845,old bridge twp,0,0,500,167,667,1
NJ,2014,234090,perth amboy city,NA,21,513,75,609,1
NJ,2014,234130,piscataway twp,NA,8,252,203,463,1
NJ,2014,234660,sayreville boro,NA,4,359,81,444,1
NJ,2014,234830,south amboy city,0,0,56,29,85,1
NJ,2014,234860,south brunswick twp,0,10,452,162,624,0
NJ,2014,234910,south plainfield boro,NA,2,264,11,277,1
NJ,2014,234920,south river boro,NA,3,133,23,159,1
NJ,2014,234970,spotswood boro,NA,3,91,56,150,1
NJ,2014,235850,woodbridge twp,NA,8,588,486,1082,1
NJ,2014,250100,asbury park city,0,10,163,23,196,0
NJ,2014,250130,atlantic highlands boro,0,0,11,19,30,1
NJ,2014,250180,avon boro,NA,NA,12,NA,18,0
NJ,2014,250225,bayshore jointure comm,NA,NA,NA,NA,5,0
NJ,2014,250270,belmar boro,NA,NA,47,NA,53,0
NJ,2014,250500,bradley beach boro,NA,NA,28,NA,30,0
NJ,2014,250560,brielle boro,NA,NA,NA,44,45,0
NJ,2014,250945,colts neck twp,0,0,92,25,117,1
NJ,2014,251000,deal boro,NA,NA,NA,NA,8,0
NJ,2014,251260,eatontown boro,0,0,60,40,100,1
NJ,2014,251440,fair haven boro,NA,NA,77,NA,79,0
NJ,2014,251490,farmingdale boro,NA,NA,NA,16,22,0
NJ,2014,251640,freehold boro,NA,NA,89,NA,98,0
NJ,2014,251650,freehold regional,NA,24,647,66,737,1
NJ,2014,251660,freehold twp,0,0,132,176,308,1
NJ,2014,252105,hazlet twp,0,0,216,43,259,1
NJ,2014,252120,henry hudson regional,0,0,24,13,37,1
NJ,2014,252160,highlands boro,NA,NA,NA,10,20,0
NJ,2014,252230,holmdel twp,NA,1,44,168,213,1
NJ,2014,252290,howell twp,NA,4,478,154,636,1
NJ,2014,252400,keansburg boro,NA,7,105,71,183,1
NJ,2014,252430,keyport boro,NA,NA,86,NA,91,0
NJ,2014,252720,little silver boro,NA,2,43,28,73,1
NJ,2014,252770,long branch city,NA,66,363,NA,443,0
NJ,2014,252920,manalapan-englishtown reg,0,0,317,26,343,1
NJ,2014,252930,manasquan boro,0,0,97,25,122,1
NJ,2014,253030,marlboro twp,0,0,299,131,430,1
NJ,2014,253040,matawan-aberdeen regional,NA,2,280,60,342,1
NJ,2014,253160,middletown twp,NA,5,622,111,738,1
NJ,2014,253200,millstone twp,NA,NA,NA,NA,11,0
NJ,2014,253250,monmouth beach boro,0,0,17,11,28,1
NJ,2014,253255,monmouth-ocean ed ser com*,NA,37,NA,NA,45,0
NJ,2014,253260,monmouth co vocational,NA,3,97,122,222,1
NJ,2014,253270,monmouth regional,0,0,54,39,93,1
NJ,2014,253500,neptune city,0,0,20,15,35,1
NJ,2014,253510,neptune twp,NA,4,267,47,318,1
NJ,2014,253810,ocean twp,NA,1,160,201,362,1
NJ,2014,253830,oceanport boro,NA,NA,NA,58,60,0
NJ,2014,254360,red bank boro,NA,1,38,40,79,1
NJ,2014,254365,red bank regional,0,0,81,22,103,1
NJ,2014,254520,roosevelt boro,NA,NA,NA,NA,12,0
NJ,2014,254570,rumson boro,NA,2,34,53,89,1
NJ,2014,254580,rumson-fair haven reg,NA,NA,77,NA,79,0
NJ,2014,254690,sea girt boro,NA,NA,15,NA,22,0
NJ,2014,254760,shore regional,0,0,14,40,54,1
NJ,2014,254770,shrewsbury boro,NA,NA,40,NA,46,0
NJ,2014,254980,spring lake boro,NA,1,21,11,33,1
NJ,2014,254990,spring lake heights boro,NA,NA,NA,25,33,0
NJ,2014,255185,tinton falls,NA,NA,123,NA,126,0
NJ,2014,255230,union beach,NA,NA,52,NA,58,0
NJ,2014,255310,upper freehold regional,NA,NA,NA,132,141,0
NJ,2014,255420,wall twp,NA,1,254,76,331,1
NJ,2014,255640,west long branch boro,NA,1,12,44,57,1
NJ,2014,270450,boonton town,NA,2,69,37,108,1
NJ,2014,270460,boonton twp,NA,1,23,16,40,1
NJ,2014,270630,butler boro,0,0,53,44,97,1
NJ,2014,270785,sch dist of the chathams,NA,2,236,57,295,1
NJ,2014,270820,chester twp,0,0,22,90,112,1
NJ,2014,271090,denville twp,NA,1,78,62,141,1
NJ,2014,271110,dover town,NA,20,188,NA,209,0
NJ,2014,271190,east hanover twp,NA,4,72,22,98,1
NJ,2014,271530,florham park boro,NA,1,70,12,83,1
NJ,2014,271990,hanover park regional,NA,3,80,47,130,1
NJ,2014,272000,hanover twp,0,0,79,35,114,1
NJ,2014,272010,harding township,NA,NA,26,NA,33,0
NJ,2014,272380,jefferson twp,NA,1,193,40,234,1
NJ,2014,272460,kinnelon boro,NA,1,160,13,174,1
NJ,2014,272650,lincoln park boro,0,0,50,24,74,1
NJ,2014,272870,madison boro,NA,1,122,70,193,1
NJ,2014,273090,mendham boro,0,0,28,26,54,1
NJ,2014,273100,mendham twp,0,0,15,57,72,1
NJ,2014,273240,mine hill twp,NA,NA,30,NA,33,0
NJ,2014,273340,montville twp,NA,7,201,149,357,1
NJ,2014,273365,morris county vocational,NA,NA,60,NA,67,0
NJ,2014,273370,morris hills regional,0,0,227,26,253,1
NJ,2014,273380,morris plains boro,NA,NA,55,NA,56,0
NJ,2014,273385,morris school district,NA,5,115,280,400,1
NJ,2014,273410,mount arlington boro,0,0,20,14,34,1
NJ,2014,273450,mount olive twp,NA,4,270,66,340,1
NJ,2014,273460,mountain lakes boro,NA,1,52,94,147,1
NJ,2014,273520,netcong boro,0,0,21,10,31,1
NJ,2014,273950,parsippany-troy hills twp,NA,4,481,128,613,1
NJ,2014,274000,long hill twp,0,0,55,26,81,1
NJ,2014,274080,pequannock twp,NA,9,192,11,212,1
NJ,2014,274330,randolph twp,NA,6,229,161,396,1
NJ,2014,274440,riverdale boro,NA,1,12,22,35,1
NJ,2014,274480,rockaway boro,NA,NA,NA,38,43,0
NJ,2014,274490,rockaway twp,0,0,106,110,216,1
NJ,2014,274560,roxbury twp,NA,5,175,129,309,1
NJ,2014,275520,washington twp,NA,1,150,54,205,1
NJ,2014,275660,west morris regional,0,13,161,32,206,0
NJ,2014,275770,wharton boro,NA,1,55,16,72,1
NJ,2014,290185,barnegat twp,NA,4,118,142,264,1
NJ,2014,290210,bay head boro,NA,NA,NA,11,16,0
NJ,2014,290320,berkeley twp,NA,NA,161,NA,165,0
NJ,2014,290530,brick twp,NA,5,723,16,744,1
NJ,2014,290770,central regional,0,13,128,0,141,0
NJ,2014,291150,eagleswood twp,NA,NA,15,NA,17,0
NJ,2014,292350,island heights boro,NA,NA,13,NA,14,0
NJ,2014,292360,jackson twp,NA,7,526,91,624,1
NJ,2014,292480,lacey twp,0,0,270,37,307,1
NJ,2014,292500,lakehurst boro,0,0,14,20,34,1
NJ,2014,292520,lakewood twp,NA,NA,206,NA,213,0
NJ,2014,292550,lavallette boro,NA,NA,NA,NA,21,0
NJ,2014,292690,little egg harbor twp,0,0,80,69,149,1
NJ,2014,292760,long beach island,NA,NA,NA,25,31,0
NJ,2014,292940,manchester twp,NA,2,218,102,322,1
NJ,2014,293790,ocean county vocational,0,0,87,30,117,1
NJ,2014,293800,ocean gate boro,NA,NA,NA,NA,1,0
NJ,2014,293820,ocean twp,NA,NA,40,NA,49,0
NJ,2014,294105,pinelands regional,NA,NA,162,NA,167,0
NJ,2014,294190,plumsted twp,NA,NA,128,NA,138,0
NJ,2014,294210,point pleasant boro,NA,3,167,66,236,1
NJ,2014,294220,point pleasant beach boro,NA,NA,NA,69,75,0
NJ,2014,294710,seaside heights boro,NA,NA,17,NA,21,0
NJ,2014,294950,southern regional,0,0,199,22,221,1
NJ,2014,295020,stafford twp,NA,1,95,80,176,1
NJ,2014,295190,toms river regional,NA,5,754,351,1110,1
NJ,2014,295220,tuckerton boro,NA,NA,NA,NA,31,0
NJ,2014,310420,bloomingdale boro,NA,NA,31,NA,40,0
NJ,2014,310900,clifton city,0,16,741,94,851,0
NJ,2014,311920,haledon boro,NA,1,66,16,83,1
NJ,2014,312100,hawthorne boro,NA,5,107,71,183,1
NJ,2014,312510,lakeland regional,0,0,75,16,91,1
NJ,2014,312700,little falls twp,NA,1,37,31,69,1
NJ,2014,313640,north haledon boro,NA,NA,52,NA,56,0
NJ,2014,313970,passaic city,0,31,944,41,1016,0
NJ,2014,313975,passaic co ed serv comm,NA,NA,NA,NA,3,0
NJ,2014,313980,passaic co manchester reg,NA,1,47,14,62,1
NJ,2014,313990,passaic valley regional,NA,NA,NA,85,90,0
NJ,2014,313995,passaic county vocational,NA,10,196,67,273,1
NJ,2014,314010,paterson city,20,298,1487,184,1989,0
NJ,2014,314230,pompton lakes boro,NA,1,120,18,139,1
NJ,2014,314270,prospect park boro,NA,NA,59,NA,67,0
NJ,2014,314400,ringwood boro,0,0,76,16,92,1
NJ,2014,315200,totowa boro,NA,NA,67,NA,70,0
NJ,2014,315440,wanaque boro,0,14,76,0,90,0
NJ,2014,315570,wayne twp,NA,4,490,122,616,1
NJ,2014,315650,west milford twp,NA,3,240,65,308,1
NJ,2014,315690,woodland park,NA,NA,NA,NA,85,0
NJ,2014,330060,alloway twp,NA,NA,32,NA,34,0
NJ,2014,331350,elsinboro twp,NA,NA,11,NA,14,0
NJ,2014,332800,lower alloways creek,NA,NA,20,NA,22,0
NJ,2014,332950,mannington twp,NA,NA,NA,NA,16,0
NJ,2014,333860,oldmans twp,NA,NA,21,NA,22,0
NJ,2014,334070,penns grv-carney's pt reg,NA,NA,178,NA,186,0
NJ,2014,334075,pennsville,NA,1,138,22,161,1
NJ,2014,334150,pittsgrove twp,NA,NA,113,NA,121,0
NJ,2014,334280,quinton twp,NA,NA,25,NA,29,0
NJ,2014,334630,salem city,NA,10,108,NA,119,0
NJ,2014,334635,salem co special service,NA,2,19,16,37,1
NJ,2014,334640,salem county vocational,0,0,32,14,46,1
NJ,2014,335320,upper pittsgrove twp,0,0,24,13,37,1
NJ,2014,335910,woodstown-pilesgrove reg,NA,1,94,46,141,1
NJ,2014,350240,bedminster twp,NA,1,40,12,53,1
NJ,2014,350350,bernards twp,NA,1,264,173,438,1
NJ,2014,350490,bound brook boro,NA,NA,115,NA,120,0
NJ,2014,350510,branchburg twp,NA,4,118,29,151,1
NJ,2014,350555,bridgewater-raritan reg,NA,7,516,211,734,1
NJ,2014,351610,franklin twp,NA,23,502,85,610,1
NJ,2014,351810,green brook twp,0,0,43,33,76,1
NJ,2014,352170,hillsborough twp,NA,9,506,114,629,1
NJ,2014,353000,manville boro,NA,NA,110,NA,121,0
NJ,2014,353320,montgomery twp,NA,2,229,133,364,1
NJ,2014,353670,north plainfield boro,NA,6,195,76,277,1
NJ,2014,354805,somerset co ed serv comm,NA,NA,NA,NA,9,0
NJ,2014,354810,somerset co vocational,0,0,30,19,49,1
NJ,2014,354815,somerset hills regional,NA,2,90,63,155,1
NJ,2014,354820,somerville boro,NA,NA,170,NA,183,0
NJ,2014,354850,south bound brook,NA,NA,24,NA,30,0
NJ,2014,355470,warren twp,0,0,71,130,201,1
NJ,2014,355540,watchung boro,0,0,37,22,59,1
NJ,2014,355550,watchung hills regional,NA,4,100,65,169,1
NJ,2014,370090,andover reg,0,0,16,36,52,1
NJ,2014,370640,byram twp,NA,NA,83,NA,89,0
NJ,2014,371560,frankford twp,0,0,24,37,61,1
NJ,2014,371570,franklin boro,NA,1,35,13,49,1
NJ,2014,371630,fredon twp,NA,NA,23,NA,28,0
NJ,2014,371800,green twp,NA,NA,30,NA,38,0
NJ,2014,371930,hamburg boro,NA,NA,NA,23,28,0
NJ,2014,371980,hampton twp,NA,1,20,15,36,1
NJ,2014,372030,hardyston twp,0,0,25,39,64,1
NJ,2014,372165,high point regional,0,0,54,32,86,1
NJ,2014,372240,hopatcong,NA,1,120,24,145,1
NJ,2014,372465,kittatinny regional,NA,NA,NA,NA,90,0
NJ,2014,372490,lafayette twp,0,0,12,16,28,1
NJ,2014,372615,lenape valley regional,0,0,19,35,54,1
NJ,2014,373300,montague twp,0,0,10,21,31,1
NJ,2014,373590,newton town,NA,2,109,40,151,1
NJ,2014,373840,ogdensburg boro,NA,NA,21,NA,28,0
NJ,2014,374650,sandyston-walpack twp,NA,NA,19,NA,21,0
NJ,2014,374960,sparta twp,NA,NA,228,NA,234,0
NJ,2014,375030,stanhope boro,NA,NA,26,NA,29,0
NJ,2014,375040,stillwater twp,NA,NA,33,NA,36,0
NJ,2014,375100,sussex-wantage regional,NA,1,125,15,141,1
NJ,2014,375105,sussex co ed serv comm,NA,NA,NA,NA,7,0
NJ,2014,375110,sussex county vocational,0,0,48,13,61,1
NJ,2014,375360,vernon twp,NA,3,262,51,316,1
NJ,2014,375435,wallkill valley regional,NA,NA,47,NA,54,0
NJ,2014,390310,berkeley heights twp,0,0,168,47,215,1
NJ,2014,390850,clark twp,NA,1,102,57,160,1
NJ,2014,390980,cranford twp,NA,5,202,127,334,1
NJ,2014,391320,elizabeth city,NA,54,1619,178,1851,1
NJ,2014,391710,garwood boro,NA,NA,26,NA,27,0
NJ,2014,392190,hillside twp,NA,16,196,25,237,1
NJ,2014,392420,kenilworth boro,0,0,12,106,118,1
NJ,2014,392660,linden city,NA,4,359,98,461,1
NJ,2014,393395,morris-union jointure com,NA,NA,95,NA,102,0
NJ,2014,393470,mountainside boro,NA,NA,NA,NA,52,0
NJ,2014,393560,new providence boro,NA,3,54,107,164,1
NJ,2014,394160,plainfield city,NA,48,481,NA,551,0
NJ,2014,394290,rahway city,NA,7,244,49,300,1
NJ,2014,394540,roselle boro,0,17,214,10,241,0
NJ,2014,394550,roselle park boro,0,0,95,75,170,1
NJ,2014,394670,scotch plains-fanwood reg,NA,4,340,72,416,1
NJ,2014,395000,springfield twp,NA,5,146,10,161,1
NJ,2014,395090,summit city,0,0,212,125,337,1
NJ,2014,395245,union co ed serv comm,NA,NA,65,NA,71,0
NJ,2014,395260,union county vocational,NA,4,96,12,112,1
NJ,2014,395290,union twp,NA,12,515,53,580,1
NJ,2014,395730,westfield town,NA,4,432,33,469,1
NJ,2014,395810,winfield twp,NA,NA,NA,15,18,0
NJ,2014,410030,allamuchy twp,0,0,13,19,32,1
NJ,2014,410070,alpha boro,NA,NA,27,NA,28,0
NJ,2014,410280,belvidere town,NA,2,46,17,65,1
NJ,2014,410400,blairstown twp,NA,NA,42,NA,49,0
NJ,2014,411620,franklin twp,NA,NA,26,NA,27,0
NJ,2014,411670,frelinghuysen twp,NA,NA,11,NA,15,0
NJ,2014,411785,great meadows regional,NA,NA,61,NA,67,0
NJ,2014,411840,greenwich twp,0,0,48,12,60,1
NJ,2014,411870,hackettstown,NA,1,97,50,148,1
NJ,2014,412040,harmony twp,0,0,11,13,24,1
NJ,2014,412250,hope twp,NA,NA,NA,NA,18,0
NJ,2014,412470,knowlton twp,NA,NA,22,NA,30,0
NJ,2014,412790,lopatcong twp,NA,NA,65,NA,72,0
NJ,2014,412970,mansfield twp,NA,NA,55,NA,57,0
NJ,2014,413675,north warren regional,NA,1,71,11,83,1
NJ,2014,413890,oxford twp,0,0,10,20,30,1
NJ,2014,414100,phillipsburg town,0,0,229,81,310,1
NJ,2014,414200,pohatcong twp,NA,NA,22,NA,29,0
NJ,2014,415450,warren co special service,NA,NA,NA,NA,12,0
NJ,2014,415460,warren county vocational,NA,NA,42,NA,44,0
NJ,2014,415465,warren hills regional,NA,NA,138,NA,143,0
NJ,2014,415480,washington boro,NA,4,34,11,49,1
NJ,2014,415530,washington twp,0,0,37,20,57,1
NJ,2014,415780,white twp,0,0,27,11,38,1
NJ,2015,010010,absecon public schools,0,0,36,36,72,1
NJ,2015,010110,atlantic city public schools,NA,16,555,84,655,1
NJ,2015,010120,atlantic county vocational school district,0,0,95,21,116,1
NJ,2015,010125,atlantic county special services school district,NA,1,55,10,66,1
NJ,2015,010570,brigantine public schools,NA,NA,NA,65,69,0
NJ,2015,010590,buena regional school district,NA,2,140,17,159,1
NJ,2015,011300,egg harbor city school district,NA,25,17,NA,44,0
NJ,2015,011310,egg harbor township school district,NA,1,336,236,573,1
NJ,2015,011410,estell manor city school district,NA,NA,NA,NA,15,0
NJ,2015,011540,folsom borough school district,0,0,11,27,38,1
NJ,2015,011690,galloway township public schools,0,0,251,34,285,1
NJ,2015,011790,greater egg harbor regional high school district,NA,1,204,48,253,1
NJ,2015,011940,hamilton township school district,NA,7,154,81,242,1
NJ,2015,011960,hammonton school district,NA,3,109,134,246,1
NJ,2015,012680,linwood city school district,NA,NA,71,NA,76,0
NJ,2015,012910,mainland regional high school district,NA,NA,105,NA,110,0
NJ,2015,013020,margate city school district,0,0,24,22,46,1
NJ,2015,013480,mullica township school district,NA,1,39,18,58,1
NJ,2015,013720,northfield city school district,0,0,54,35,89,1
NJ,2015,014180,pleasantville public school district,NA,NA,320,NA,333,0
NJ,2015,014240,port republic school district,NA,NA,13,NA,14,0
NJ,2015,014800,somers point school district,NA,NA,99,NA,102,0
NJ,2015,015350,ventnor city school district,0,0,47,31,78,1
NJ,2015,015760,weymouth township school district,NA,NA,16,NA,17,0
NJ,2015,030040,allendale public school district,NA,2,58,17,77,1
NJ,2015,030080,alpine elementary school district,NA,NA,NA,17,25,0
NJ,2015,030285,bergen county special services school district,NA,7,57,114,178,1
NJ,2015,030290,bergen county vocational technical school district,NA,6,161,73,240,1
NJ,2015,030300,bergenfield borough school district,0,0,165,97,262,1
NJ,2015,030440,bogota public school district,NA,1,17,84,102,1
NJ,2015,030740,carlstadt public school district,NA,NA,NA,36,41,0
NJ,2015,030745,carlstadt-east rutherford regional high school district,NA,NA,36,NA,37,0
NJ,2015,030890,cliffside park school district,NA,2,61,107,170,1
NJ,2015,030930,closter public school district,0,0,35,40,75,1
NJ,2015,030990,cresskill public school district,0,0,95,47,142,1
NJ,2015,031070,demarest school district,NA,1,55,10,66,1
NJ,2015,031130,dumont public school district,0,0,163,60,223,1
NJ,2015,031230,east rutherford school district,0,0,26,37,63,1
NJ,2015,031270,edgewater school district,NA,1,38,20,59,1
NJ,2015,031345,elmwood park school district,NA,NA,125,NA,131,0
NJ,2015,031360,emerson public school district,0,0,70,24,94,1
NJ,2015,031370,englewood public school district,NA,1,238,22,261,1
NJ,2015,031380,englewood cliffs school district,0,0,19,34,53,1
NJ,2015,031450,fair lawn public school district,NA,3,185,185,373,1
NJ,2015,031470,fairview public school district,NA,5,57,22,84,1
NJ,2015,031550,fort lee school district,NA,4,223,49,276,1
NJ,2015,031580,franklin lakes  school district,0,0,25,119,144,1
NJ,2015,031700,garfield public school district,NA,2,324,70,396,1
NJ,2015,031760,glen rock public school district,NA,1,128,72,201,1
NJ,2015,031860,hackensack school district,NA,6,370,25,401,1
NJ,2015,032050,harrington park school district,0,0,0,54,54,0
NJ,2015,032080,hasbrouck heights school district,NA,NA,135,NA,136,0
NJ,2015,032090,haworth public school district,0,0,46,0,46,0
NJ,2015,032180,hillsdale school district,NA,1,49,44,94,1
NJ,2015,032200,ho-ho-kus school district,0,0,35,22,57,1
NJ,2015,032620,leonia public school district,0,0,137,16,153,1
NJ,2015,032710,little ferry public school district,NA,NA,NA,21,26,0
NJ,2015,032740,lodi school district,NA,NA,224,NA,235,0
NJ,2015,032860,lyndhurst school district,NA,1,128,80,209,1
NJ,2015,032900,mahwah township public school district,NA,1,188,76,265,1
NJ,2015,033060,maywood school district,0,0,23,41,64,1
NJ,2015,033170,midland park school district,NA,NA,91,NA,98,0
NJ,2015,033330,montvale board of education school district,0,0,21,53,74,1
NJ,2015,033550,new milford school district,NA,1,77,68,146,1
NJ,2015,033600,north arlington school district,NA,1,108,15,124,1
NJ,2015,033700,northern highlands regional high school district,0,0,86,21,107,1
NJ,2015,033710,northern valley regional high school district,NA,2,105,134,241,1
NJ,2015,033730,northvale public school district,NA,NA,34,NA,43,0
NJ,2015,033740,norwood public school district,0,0,29,19,48,1
NJ,2015,033760,oakland public school district,0,0,79,47,126,1
NJ,2015,033850,old tappan public school district,0,0,23,37,60,1
NJ,2015,033870,oradell school district,NA,NA,49,NA,56,0
NJ,2015,033910,palisades park school district,0,0,113,18,131,1
NJ,2015,033930,paramus public school district,NA,3,190,101,294,1
NJ,2015,033940,park ridge school district,0,0,70,41,111,1
NJ,2015,033960,pascack valley regional high school district,0,0,82,82,164,1
NJ,2015,034300,ramapo indian hills regional high school district,0,0,111,93,204,1
NJ,2015,034310,ramsey school district,0,0,196,50,246,1
NJ,2015,034370,ridgefield school district,0,0,130,24,154,1
NJ,2015,034380,ridgefield park school district,0,0,78,97,175,1
NJ,2015,034390,ridgewood public school district,NA,1,257,139,397,1
NJ,2015,034405,river dell regional school district,0,0,94,36,130,1
NJ,2015,034410,river edge school district,0,0,56,35,91,1
NJ,2015,034430,river vale public school district,0,0,68,30,98,1
NJ,2015,034470,rochelle park school district,0,0,13,32,45,1
NJ,2015,034600,rutherford school district,0,0,143,51,194,1
NJ,2015,034610,saddle brook school district,NA,3,118,44,165,1
NJ,2015,034620,saddle river school district,NA,NA,22,NA,23,0
NJ,2015,034845,south  bergen jointure commission school district,0,0,21,32,53,1
NJ,2015,034870,south hackensack school district,NA,NA,NA,21,23,0
NJ,2015,035150,teaneck school district,0,0,266,72,338,1
NJ,2015,035160,tenafly public school district,0,0,78,210,288,1
NJ,2015,035330,upper saddle river school district,0,0,88,20,108,1
NJ,2015,035410,waldwick school district,NA,1,99,42,142,1
NJ,2015,035430,wallington boro school district,NA,1,63,26,90,1
NJ,2015,035755,westwood regional school district,NA,1,165,44,210,1
NJ,2015,035830,wood-ridge school district,0,0,81,12,93,1
NJ,2015,035880,woodcliff lake school district,NA,1,37,34,72,1
NJ,2015,035920,wyckoff township public school district,0,0,47,134,181,1
NJ,2015,050200,bass river township board of education,NA,NA,13,NA,16,0
NJ,2015,050380,beverly city school,NA,NA,29,NA,33,0
NJ,2015,050475,bordentown regional school district,0,0,138,39,177,1
NJ,2015,050600,burlington city public school district,NA,4,123,51,178,1
NJ,2015,050605,burlington county special services school district,0,0,80,25,105,1
NJ,2015,050610,burlington county institute of technology,NA,NA,130,NA,137,0
NJ,2015,050620,burlington township board of education,NA,1,266,26,293,1
NJ,2015,050830,chesterfield township school district,0,0,54,0,54,0
NJ,2015,050840,cinnaminson township public schools,NA,2,67,114,183,1
NJ,2015,051030,delanco township school district,0,0,16,18,34,1
NJ,2015,051060,delran township school district,0,0,108,102,210,1
NJ,2015,051250,eastampton township school district,NA,NA,45,NA,48,0
NJ,2015,051280,edgewater park township school district,0,0,11,59,70,1
NJ,2015,051420,evesham township school district,0,0,81,267,348,1
NJ,2015,051520,florence township school district,NA,NA,121,NA,128,0
NJ,2015,051910,hainesport township school district,0,0,21,39,60,1
NJ,2015,052610,lenape regional high school district,NA,1,85,485,571,1
NJ,2015,052850,lumberton township board of education,NA,2,98,19,119,1
NJ,2015,052960,mansfield township school district,NA,1,26,27,54,1
NJ,2015,053010,maple shade school district,NA,1,117,55,173,1
NJ,2015,053070,medford lakes school district,NA,NA,NA,33,40,0
NJ,2015,053080,medford township school district,0,0,53,141,194,1
NJ,2015,053360,moorestown township public school district,0,0,72,244,316,1
NJ,2015,053430,mount holly township public schools,NA,2,45,55,102,1
NJ,2015,053440,mount laurel township school district,NA,1,184,173,358,1
NJ,2015,053540,new hanover township,NA,NA,14,NA,23,0
NJ,2015,053650,north hanover township school district,NA,NA,98,NA,106,0
NJ,2015,053690,northern burlington county regional school district,NA,1,81,68,150,1
NJ,2015,053920,palmyra public schools,0,0,33,42,75,1
NJ,2015,054050,pemberton township schools,NA,1,234,181,416,1
NJ,2015,054320,rancocas valley regional high school district,NA,2,76,46,124,1
NJ,2015,054450,riverside township school district,0,0,58,47,105,1
NJ,2015,054460,riverton school district,NA,NA,NA,20,29,0
NJ,2015,054930,southampton township school district,NA,NA,65,NA,69,0
NJ,2015,055010,springfield township school district,NA,NA,25,NA,27,0
NJ,2015,055130,tabernacle township school district,NA,1,24,36,61,1
NJ,2015,055490,washington township school district,NA,NA,NA,NA,5,0
NJ,2015,055720,westampton township public school district,NA,1,24,50,75,1
NJ,2015,055805,willingboro public school district,NA,14,210,22,246,1
NJ,2015,055890,woodland township board of education,NA,NA,NA,NA,11,0
NJ,2015,070150,audubon public school disrict,0,0,102,26,128,1
NJ,2015,070190,barrington school district,NA,NA,51,NA,57,0
NJ,2015,070260,bellmawr public school district,NA,1,41,43,85,1
NJ,2015,070330,berlin borough school district,0,0,28,43,71,1
NJ,2015,070340,berlin township school district,NA,1,42,20,63,1
NJ,2015,070390,black horse pike regional school district,NA,7,162,82,251,1
NJ,2015,070580,brooklawn public school district,NA,NA,30,NA,32,0
NJ,2015,070680,camden city public schools,16,131,723,42,912,0
NJ,2015,070700,camden county technical school district,0,0,92,98,190,1
NJ,2015,070800,cherry hill school district,NA,2,803,12,817,1
NJ,2015,070880,clementon elementary school district,NA,NA,36,NA,43,0
NJ,2015,070940,collingswood public school district,NA,2,139,24,165,1
NJ,2015,071255,eastern camden county regional school district,0,0,107,28,135,1
NJ,2015,071720,gibbsboro elementary school,NA,1,14,12,27,1
NJ,2015,071770,gloucester city public school district,NA,2,41,155,198,1
NJ,2015,071780,gloucester township school district,NA,2,455,56,513,1
NJ,2015,071880,haddon heights school district,NA,NA,106,NA,115,0
NJ,2015,071890,haddon township school district,NA,1,78,62,141,1
NJ,2015,071900,haddonfield school district,0,0,73,105,178,1
NJ,2015,072540,laurel springs school district,NA,NA,NA,12,16,0
NJ,2015,072560,lawnside school distric,NA,NA,22,NA,23,0
NJ,2015,072670,lindenwold public school district,NA,1,188,12,201,1
NJ,2015,073110,merchantville school district,0,0,30,0,30,0
NJ,2015,073420,mt. ephraim school district,NA,NA,NA,30,36,0
NJ,2015,073770,oaklyn public school district,0,0,37,0,37,0
NJ,2015,074060,pennsauken township board of education school district,NA,6,339,48,393,1
NJ,2015,074110,pine hill school district,NA,1,125,40,166,1
NJ,2015,074590,runnemede public school district,0,0,43,21,64,1
NJ,2015,074790,somerdale school district,NA,NA,37,NA,44,0
NJ,2015,075035,sterling regional school district,NA,NA,69,NA,72,0
NJ,2015,075080,stratford school district,NA,NA,NA,63,69,0
NJ,2015,075400,voorhees township school district,0,0,20,200,220,1
NJ,2015,075560,waterford township school district,0,0,59,14,73,1
NJ,2015,075820,winslow township school district,NA,12,358,56,426,1
NJ,2015,075900,woodlynne school district,0,0,31,0,31,0
NJ,2015,090170,avalon school district,0,0,0,13,13,0
NJ,2015,090710,cape may city school district,0,0,0,20,20,0
NJ,2015,090715,cape may county special services school district,0,0,33,10,43,1
NJ,2015,090720,cape may county technical high school district,NA,NA,NA,55,63,0
NJ,2015,091080,dennis township school district,NA,NA,50,NA,53,0
NJ,2015,092820,lower cape may regional school district,0,0,85,46,131,1
NJ,2015,092840,lower township elementary school district,0,0,45,95,140,1
NJ,2015,093130,middle township public school district,NA,1,51,145,197,1
NJ,2015,093680,north wildwood school district,NA,NA,NA,30,39,0
NJ,2015,093780,ocean city school district,0,0,66,121,187,1
NJ,2015,095060,stone harbor school district,0,0,0,20,20,0
NJ,2015,095340,upper township school district,0,0,15,98,113,1
NJ,2015,095610,west cape may elementary school district,NA,NA,NA,NA,9,0
NJ,2015,095790,wildwood city school district,NA,1,33,60,94,1
NJ,2015,095800,wildwood crest borough school district,NA,NA,NA,29,31,0
NJ,2015,095840,woodbine school district,NA,NA,NA,20,23,0
NJ,2015,110540,bridgeton city school district,NA,6,489,58,553,1
NJ,2015,110950,commercial township school district,NA,NA,42,NA,44,0
NJ,2015,110995,cumberland county board of vocational ed school district,NA,NA,29,NA,31,0
NJ,2015,110997,cumberland regional school district,NA,1,67,18,86,1
NJ,2015,111020,deerfield township school district,0,0,13,18,31,1
NJ,2015,111120,downe township school district,NA,NA,NA,12,19,0
NJ,2015,111460,fairfield township school district,NA,3,31,15,49,1
NJ,2015,111820,greenwich township school district,NA,NA,NA,NA,7,0
NJ,2015,112270,hopewell township school district,0,0,17,23,40,1
NJ,2015,112570,lawrence township school district,NA,NA,NA,34,41,0
NJ,2015,113050,maurice river township school district,0,0,11,22,33,1
NJ,2015,113230,millville  school district,NA,6,351,107,464,1
NJ,2015,115070,stow creek township school district,NA,NA,NA,NA,11,0
NJ,2015,115300,upper deerfield township school district,NA,1,29,41,71,1
NJ,2015,115390,vineland public school district,NA,7,391,420,818,1
NJ,2015,130250,belleville public schools,NA,1,173,100,274,1
NJ,2015,130410,bloomfield board of education,NA,3,107,328,438,1
NJ,2015,130660,caldwell-west caldwell school district,0,0,75,132,207,1
NJ,2015,130760,cedar grove township school district,0,0,98,29,127,1
NJ,2015,131210,east orange school district,NA,45,858,85,988,1
NJ,2015,131390,essex county vocational technical schools,NA,1,150,29,180,1
NJ,2015,131400,essex fells school district,NA,NA,NA,25,30,0
NJ,2015,131465,fairfield public schools,0,0,29,27,56,1
NJ,2015,131750,glen ridge public schools,0,0,123,22,145,1
NJ,2015,132330,irvington board of education,NA,31,426,NA,485,0
NJ,2015,132730,livingston public schools school district,NA,4,140,296,440,1
NJ,2015,133190,millburn township schools,NA,3,315,78,396,1
NJ,2015,133310,montclair public schools,NA,3,370,173,546,1
NJ,2015,133570,newark public school district,90,221,1879,321,2511,0
NJ,2015,133630,north caldwell board of education,0,0,38,25,63,1
NJ,2015,133750,nutley public school district,NA,15,238,NA,269,0
NJ,2015,133880,orange board of education,NA,15,409,NA,439,0
NJ,2015,134530,roseland school district,NA,1,20,18,39,1
NJ,2015,134900,south orange-maplewood school district,NA,4,144,114,262,1
NJ,2015,135370,verona public school district,0,0,90,74,164,1
NJ,2015,135630,west essex regional school district,0,0,94,69,163,1
NJ,2015,135680,west orange public schools,NA,7,560,23,590,1
NJ,2015,131387,essex regional educational services commission,NA,13,27,NA,56,0
NJ,2015,150860,clayton public school district,NA,NA,104,NA,111,0
NJ,2015,150870,clearview regional high school district,NA,1,53,113,167,1
NJ,2015,151100,deptford township public school district,NA,1,144,185,330,1
NJ,2015,151180,east greenwich township school district,NA,3,66,26,95,1
NJ,2015,151330,elk township school district,NA,NA,26,NA,32,0
NJ,2015,151590,township of franklin school district,NA,1,95,15,111,1
NJ,2015,151715,gateway regional school dsitrict,0,0,71,12,83,1
NJ,2015,151730,glassboro school district,NA,4,136,17,157,1
NJ,2015,151774,gloucester county special services school district,NA,6,88,17,111,1
NJ,2015,151775,gloucester county vocational-technical school district,NA,1,61,22,84,1
NJ,2015,151830,greenwich township school district,0,0,23,21,44,1
NJ,2015,152070,harrison township school district,0,0,91,20,111,1
NJ,2015,152440,kingsway regional school district,NA,NA,169,NA,173,0
NJ,2015,152750,logan township school district,0,0,46,34,80,1
NJ,2015,152990,mantua township school district,0,0,44,64,108,1
NJ,2015,153280,monroe township public school district,NA,16,291,131,438,1
NJ,2015,153490,national park boro school district,0,0,12,16,28,1
NJ,2015,154020,paulsboro school district,NA,1,95,13,109,1
NJ,2015,154140,pitman boro school district,NA,NA,131,NA,140,0
NJ,2015,154880,south harrison township school district,NA,NA,26,NA,27,0
NJ,2015,154940,delsea regional high school district,NA,1,111,14,126,1
NJ,2015,155120,swedesboro-woolwich school district,NA,1,86,24,111,1
NJ,2015,155500,washington township school district,NA,1,374,283,658,1
NJ,2015,155590,wenonah  boro school district,NA,NA,NA,21,25,0
NJ,2015,155620,west deptford township  school district,NA,61,155,NA,217,0
NJ,2015,155740,westville boro public school district,NA,NA,NA,26,32,0
NJ,2015,155860,woodbury city public school district,NA,2,43,82,127,1
NJ,2015,155870,woodbury heights public school district,NA,NA,NA,20,23,0
NJ,2015,170220,bayonne school district,NA,2,654,99,755,1
NJ,2015,171200,east newark,0,0,18,0,18,0
NJ,2015,171850,guttenberg school district,0,0,51,27,78,1
NJ,2015,172060,harrison public schools,NA,2,66,86,154,1
NJ,2015,172210,hoboken public school district,NA,3,157,28,188,1
NJ,2015,172295,hudson county schools of technology,NA,2,158,27,187,1
NJ,2015,172390,jersey city public schools,NA,44,1706,123,1873,1
NJ,2015,172410,kearny,NA,1,336,96,433,1
NJ,2015,173610,north bergen school district,NA,2,503,50,555,1
NJ,2015,174730,secaucus board of education,0,0,55,113,168,1
NJ,2015,175240,union city school district,NA,3,482,262,747,1
NJ,2015,175580,weehawken board of education,0,0,86,24,110,1
NJ,2015,175670,west new york board of education,NA,1,268,286,555,1
NJ,2015,190020,alexandria township school district,NA,1,19,26,46,1
NJ,2015,190370,bethlehem township school district,0,0,22,27,49,1
NJ,2015,190430,bloomsbury school district,NA,NA,11,NA,16,0
NJ,2015,190670,califon borough school district,NA,NA,NA,13,18,0
NJ,2015,190910,clinton-glen gardner school district,NA,NA,NA,43,47,0
NJ,2015,190920,clinton township school district,0,0,85,84,169,1
NJ,2015,191040,delaware township school district,NA,NA,NA,39,44,0
NJ,2015,191050,delaware valley regional high school district,NA,NA,63,NA,67,0
NJ,2015,191160,east amwell township school district,0,0,15,29,44,1
NJ,2015,191510,flemington-raritan regional school district,0,0,198,157,355,1
NJ,2015,191600,franklin township school district,NA,NA,NA,21,28,0
NJ,2015,191680,frenchtown borough school district,NA,NA,11,NA,19,0
NJ,2015,191970,hampton borough school district,NA,NA,11,NA,17,0
NJ,2015,192140,high bridge borough school district,0,0,16,28,44,1
NJ,2015,192220,holland township school district,0,0,20,45,65,1
NJ,2015,192300,hunterdon central regional high school,0,0,162,70,232,1
NJ,2015,192305,hunterdon county educational services commission,NA,NA,12,NA,20,0
NJ,2015,192308,hunterdon county vocational school district,NA,NA,17,NA,19,0
NJ,2015,192450,kingwood township school district,0,0,26,13,39,1
NJ,2015,192590,lebanon borough school district,NA,NA,NA,NA,12,0
NJ,2015,192600,lebanon township school district,0,0,41,26,67,1
NJ,2015,193180,milford borough school district,NA,NA,11,NA,15,0
NJ,2015,193660,north hunterdon-voorhees regional high school district,NA,3,150,66,219,1
NJ,2015,194350,readington township school district,0,0,49,118,167,1
NJ,2015,195180,tewksbury township school district,0,0,12,52,64,1
NJ,2015,195270,union township school district,NA,1,26,17,44,1
NJ,2015,191376,south hunterdon regional school district,NA,1,38,49,88,1
NJ,2015,211245,east windsor regional school district,NA,8,263,123,394,1
NJ,2015,211430,ewing township school district,0,0,30,261,291,1
NJ,2015,211950,hamilton township,NA,1,463,469,933,1
NJ,2015,212280,hopewell valley regional school district,0,0,104,285,389,1
NJ,2015,212580,lawrence township public school district,NA,1,199,108,308,1
NJ,2015,213103,mercer county special services school district,NA,NA,NA,88,97,0
NJ,2015,213105,area vocational technical schools of mercer county,0,0,22,15,37,1
NJ,2015,214255,princeton public schools,NA,3,103,206,312,1
NJ,2015,215210,trenton public school district,NA,27,609,83,719,1
NJ,2015,215510,robbinsville public schools,0,0,175,46,221,1
NJ,2015,215715,west windsor-plainsboro regional school district,0,0,75,599,674,1
NJ,2015,230750,carteret public school district,NA,4,242,25,271,1
NJ,2015,230970,cranbury township school district,NA,NA,46,NA,54,0
NJ,2015,231140,dunellen public school district,NA,NA,82,NA,91,0
NJ,2015,231170,east brunswick township school district,NA,4,443,218,665,1
NJ,2015,231290,edison township school district,NA,3,651,428,1082,1
NJ,2015,232150,highland park boro school district,0,0,71,57,128,1
NJ,2015,232370,jamesburg public school district,NA,2,25,17,44,1
NJ,2015,233120,metuchen public school district,NA,1,125,42,168,1
NJ,2015,233140,middlesex borough school district,NA,1,123,41,165,1
NJ,2015,233145,middlesex regional educational services commission,NA,8,102,32,142,1
NJ,2015,233150,middlesex county vocational and technical school district,NA,4,83,88,175,1
NJ,2015,233220,milltown school district,0,0,29,28,57,1
NJ,2015,233290,monroe township school district,NA,1,108,340,449,1
NJ,2015,233530,new brunswick school district,NA,11,416,127,554,1
NJ,2015,233620,north brunswick township school district,NA,3,292,212,507,1
NJ,2015,233845,old bridge township school district,0,0,281,363,644,1
NJ,2015,234090,perth amboy public school district,NA,16,731,29,776,1
NJ,2015,234130,piscataway township school district,NA,11,352,124,487,1
NJ,2015,234660,sayreville school district,NA,1,297,154,452,1
NJ,2015,234830,south amboy school district,0,0,64,21,85,1
NJ,2015,234860,south brunswick school district,NA,8,359,252,619,1
NJ,2015,234910,south plainfield school district,NA,1,264,61,326,1
NJ,2015,234920,south river public school district,NA,3,121,48,172,1
NJ,2015,234970,spotswood public school district,NA,3,89,56,148,1
NJ,2015,235850,woodbridge township school district,NA,3,232,658,893,1
NJ,2015,250100,asbury park school district,NA,20,157,46,223,1
NJ,2015,250130,atlantic highlands school district,NA,NA,NA,26,30,0
NJ,2015,250180,avon boro school district,NA,NA,NA,11,16,0
NJ,2015,250225,bayshore jointure commission,NA,NA,11,NA,14,0
NJ,2015,250270,belmar elementary school district,0,0,38,16,54,1
NJ,2015,250500,bradley beach elementary school district,NA,NA,29,NA,31,0
NJ,2015,250560,brielle boro school district,NA,NA,NA,25,28,0
NJ,2015,250945,colts neck township school district,0,0,38,80,118,1
NJ,2015,251000,deal boro school district,NA,NA,11,NA,12,0
NJ,2015,251260,eatontown public school district,NA,2,47,54,103,1
NJ,2015,251440,fair haven school district,NA,NA,73,NA,81,0
NJ,2015,251490,farmingdale public school district,NA,NA,NA,16,22,0
NJ,2015,251640,freehold borough school district,NA,1,99,12,112,1
NJ,2015,251650,freehold regional high school district,NA,1,639,103,743,1
NJ,2015,251660,freehold township school district,0,0,41,279,320,1
NJ,2015,252105,hazlet township public school district,NA,1,210,46,257,1
NJ,2015,252120,henry hudson regional school district,NA,NA,NA,30,39,0
NJ,2015,252160,highlands borough school district,NA,NA,NA,12,18,0
NJ,2015,252230,holmdel township school district,0,0,41,194,235,1
NJ,2015,252290,howell township public school district,0,0,417,200,617,1
NJ,2015,252400,keansburg school district,0,0,80,102,182,1
NJ,2015,252430,keyport school district,NA,1,80,16,97,1
NJ,2015,252720,little silver boro school district,NA,1,21,50,72,1
NJ,2015,252770,long branch public school district,NA,32,400,NA,442,0
NJ,2015,252920,manalapan-englishtown regional schools school district,0,0,331,32,363,1
NJ,2015,252930,manasquan school district,0,0,31,104,135,1
NJ,2015,253030,marlboro township school district,0,0,137,276,413,1
NJ,2015,253040,matawan-aberdeen regional school district,0,0,201,134,335,1
NJ,2015,253160,middletown township public school district,NA,2,645,107,754,1
NJ,2015,253200,millstone township,NA,1,27,50,78,1
NJ,2015,253250,monmouth beach elementary school district,0,0,0,27,27,0
NJ,2015,253260,monmouth county vocational school district,NA,1,60,152,213,1
NJ,2015,253270,monmouth regional high school district,NA,1,34,55,90,1
NJ,2015,253500,neptune city school district,0,0,17,18,35,1
NJ,2015,253510,neptune township school district,NA,3,226,81,310,1
NJ,2015,253810,township of ocean school district,0,0,111,254,365,1
NJ,2015,253830,oceanport school district,NA,NA,NA,61,63,0
NJ,2015,254360,red bank borough public school district,NA,1,39,40,80,1
NJ,2015,254365,red bank regional school district,0,0,54,48,102,1
NJ,2015,254520,roosevelt public school district,NA,NA,NA,NA,13,0
NJ,2015,254570,rumson borough school district,NA,NA,NA,80,89,0
NJ,2015,254580,rumson-fair haven regional high school school district,NA,NA,74,NA,80,0
NJ,2015,254690,sea girt borough school district,NA,NA,NA,16,23,0
NJ,2015,254760,shore regional high school district,NA,NA,NA,51,54,0
NJ,2015,254770,shrewsbury borough school district,NA,NA,36,NA,42,0
NJ,2015,254980,spring lake borough,0,0,15,17,32,1
NJ,2015,254990,spring lake heights school district,NA,NA,NA,29,33,0
NJ,2015,255185,tinton falls school district,0,0,33,101,134,1
NJ,2015,255230,union beach public school district,NA,NA,51,NA,58,0
NJ,2015,255310,upper freehold regional school district,0,0,15,147,162,1
NJ,2015,255420,wall township public school district,0,0,224,117,341,1
NJ,2015,255640,west long branch school district,0,0,11,46,57,1
NJ,2015,270450,boonton town school district,NA,1,37,76,114,1
NJ,2015,270460,boonton township public school,NA,1,20,20,41,1
NJ,2015,270630,butler public school district,0,0,26,71,97,1
NJ,2015,270785,the school district of the chathams,NA,1,186,118,305,1
NJ,2015,270820,chester school district,NA,NA,NA,104,112,0
NJ,2015,271090,denville township k-8 school district,0,0,50,94,144,1
NJ,2015,271110,dover public school district,NA,NA,198,NA,213,0
NJ,2015,271190,east hanover township school district,NA,1,71,19,91,1
NJ,2015,271530,florham park public schools,NA,1,74,11,86,1
NJ,2015,271990,hanover park regional high school district,NA,1,79,53,133,1
NJ,2015,272000,hanover township school district,0,0,36,93,129,1
NJ,2015,272010,harding township school district,0,0,27,10,37,1
NJ,2015,272380,jefferson township public school district,0,0,164,113,277,1
NJ,2015,272460,kinnelon school district,0,0,154,18,172,1
NJ,2015,272650,lincoln park school district,0,0,35,53,88,1
NJ,2015,272870,madison public school district,NA,1,115,88,204,1
NJ,2015,273090,mendham borough school district,0,0,16,39,55,1
NJ,2015,273100,mendham township school district,NA,NA,NA,65,73,0
NJ,2015,273240,mine hill township school district,NA,NA,26,NA,33,0
NJ,2015,273340,montville township school district,NA,3,117,242,362,1
NJ,2015,273365,morris county vocational school district,0,0,47,16,63,1
NJ,2015,273370,morris hills regional school district,0,0,168,85,253,1
NJ,2015,273380,morris plains school district,0,0,40,19,59,1
NJ,2015,273385,morris school district,NA,3,152,290,445,1
NJ,2015,273410,mount arlington public school district,0,0,11,24,35,1
NJ,2015,273450,mount olive township school district,NA,8,247,81,336,1
NJ,2015,273460,mountain lakes public school district,0,0,31,84,115,1
NJ,2015,273520,netcong school district,NA,NA,22,NA,28,0
NJ,2015,273950,parsippany-troy hills township school district,NA,1,423,169,593,1
NJ,2015,274000,long hill township school district,0,0,23,50,73,1
NJ,2015,274080,pequannock township school district,NA,3,170,32,205,1
NJ,2015,274330,randolph township school district,NA,6,206,182,394,1
NJ,2015,274440,riverdale school district,NA,NA,NA,34,35,0
NJ,2015,274480,rockaway borough school district,NA,NA,NA,45,50,0
NJ,2015,274490,rockaway township school district,0,0,79,143,222,1
NJ,2015,274560,roxbury township school district,0,0,150,155,305,1
NJ,2015,275520,washington township school district,0,0,157,57,214,1
NJ,2015,275660,west morris regional high school district,NA,2,139,50,191,1
NJ,2015,275770,wharton borough school district,0,0,58,23,81,1
NJ,2015,290185,barnegat township school district,0,0,25,189,214,1
NJ,2015,290210,bay head borough,NA,NA,NA,11,17,0
NJ,2015,290320,berkeley township school district,NA,NA,157,NA,159,0
NJ,2015,290530,brick township public schools,NA,2,672,85,759,1
NJ,2015,290770,central regional school district,NA,NA,130,NA,139,0
NJ,2015,291150,eagleswood township school district,NA,NA,12,NA,16,0
NJ,2015,292350,island heights board of education,NA,NA,NA,NA,17,0
NJ,2015,292360,jackson township school district,NA,3,351,265,619,1
NJ,2015,292480,lacey township school district,0,0,157,119,276,1
NJ,2015,292500,lakehurst elementary school district,0,0,12,27,39,1
NJ,2015,292520,lakewood township,NA,2,292,10,304,1
NJ,2015,292550,lavallette borough board of education,NA,NA,NA,17,19,0
NJ,2015,292690,little egg harbor township school district,NA,1,62,85,148,1
NJ,2015,292760,long beach island consolidated school district,NA,NA,NA,24,30,0
NJ,2015,292940,manchester township school district,NA,2,162,160,324,1
NJ,2015,293790,ocean county vocational technical school,0,0,58,57,115,1
NJ,2015,293800,ocean gate school district,0,0,18,0,18,0
NJ,2015,293820,ocean township school district,0,0,35,15,50,1
NJ,2015,294105,pinelands regional board of education,0,0,160,0,160,0
NJ,2015,294190,plumsted township board of education,NA,1,106,32,139,1
NJ,2015,294210,point pleasant borough school district,NA,1,143,86,230,1
NJ,2015,294220,point pleasant beach board of education,NA,NA,NA,70,72,0
NJ,2015,294710,seaside heights school district,NA,NA,19,NA,23,0
NJ,2015,294950,southern regional school district,0,0,141,77,218,1
NJ,2015,295020,stafford township school district,NA,NA,NA,163,171,0
NJ,2015,295190,toms river regional school district,NA,5,707,437,1149,1
NJ,2015,295220,tuckerton borough school district,NA,NA,22,NA,28,0
NJ,2015,310420,bloomingdale school district,0,0,39,10,49,1
NJ,2015,310900,clifton public school district,NA,4,798,151,953,1
NJ,2015,311920,haledon public school district,0,0,41,38,79,1
NJ,2015,312100,hawthorne public school district,NA,3,117,64,184,1
NJ,2015,312510,lakeland regional high school district,0,0,42,52,94,1
NJ,2015,312700,little falls township public school district,0,0,10,13,23,1
NJ,2015,313640,north haledon school district,NA,2,43,15,60,1
NJ,2015,313970,passaic city school district,NA,35,932,54,1021,1
NJ,2015,313980,passaic co manchester regional high school district,NA,NA,49,NA,58,0
NJ,2015,313990,passaic valley regional high school district #1,NA,1,86,12,99,1
NJ,2015,313995,passsaic county vocational school district,NA,9,193,85,287,1
NJ,2015,314010,paterson public school district,NA,93,1358,573,2024,1
NJ,2015,314230,pompton lakes school district,0,0,86,54,140,1
NJ,2015,314270,prospect park,0,0,29,41,70,1
NJ,2015,314400,ringwood school district,0,0,59,30,89,1
NJ,2015,315200,totowa public school district,NA,NA,67,NA,76,0
NJ,2015,315440,wanaque school district,NA,1,65,16,82,1
NJ,2015,315570,wayne township public school district,NA,4,433,145,582,1
NJ,2015,315650,west milford township public school district,NA,1,173,129,303,1
NJ,2015,315690,woodland park school district,NA,1,15,70,86,1
NJ,2015,330060,alloway twp school district,0,0,13,19,32,1
NJ,2015,331350,elsinboro township school district,NA,NA,10,NA,15,0
NJ,2015,332800,the lower alloways creek school district,NA,NA,21,NA,22,0
NJ,2015,332950,mannington township school district,NA,NA,NA,NA,14,0
NJ,2015,333860,oldmans township school district,NA,NA,15,NA,22,0
NJ,2015,334070,penns grove-carneys point regional school district,NA,1,154,26,181,1
NJ,2015,334075,pennsville public school district,NA,1,111,48,160,1
NJ,2015,334150,pittsgrove township school district,0,0,90,41,131,1
NJ,2015,334280,quinton township school district,NA,NA,28,NA,34,0
NJ,2015,334630,salem city school district,NA,NA,98,NA,106,0
NJ,2015,334635,salem county special services school district,0,0,21,20,41,1
NJ,2015,334640,salem county vocational technical school district,NA,1,26,16,43,1
NJ,2015,335320,upper pittsgrove twp scool district,0,0,18,17,35,1
NJ,2015,335910,woodstown-pilesgrove regional school district,NA,1,69,69,139,1
NJ,2015,350240,bedminster township public school,NA,1,42,14,57,1
NJ,2015,350350,bernards township school district,0,0,159,298,457,1
NJ,2015,350490,bound brook school district,NA,NA,127,NA,128,0
NJ,2015,350510,branchburg township school district,NA,1,110,42,153,1
NJ,2015,350555,bridgewater-raritan regional school district,NA,4,349,372,725,1
NJ,2015,351610,franklin township public schools,NA,8,457,154,619,1
NJ,2015,351810,green brook township public school district,0,0,34,40,74,1
NJ,2015,352170,hillsborough township public school district,NA,13,440,202,655,1
NJ,2015,353000,manville board of education,NA,2,95,11,108,1
NJ,2015,353320,montgomery township school district,0,0,143,219,362,1
NJ,2015,353670,north plainfield boro,NA,2,177,101,280,1
NJ,2015,354805,somerset county educational services commission,NA,NA,13,NA,21,0
NJ,2015,354810,somerset county vocational and technical schools,0,0,30,27,57,1
NJ,2015,354815,somerset hills regional school district,0,0,72,88,160,1
NJ,2015,354820,somerville public school district,NA,NA,182,NA,190,0
NJ,2015,354850,south bound brook public schools,NA,NA,27,NA,35,0
NJ,2015,355470,warren township school district,0,0,97,106,203,1
NJ,2015,355540,watchung borough public school district,0,0,35,26,61,1
NJ,2015,355550,watchung hills regional high school district,0,0,96,70,166,1
NJ,2015,370090,andover regional school district,0,0,16,42,58,1
NJ,2015,370640,byram township school district,NA,NA,71,NA,78,0
NJ,2015,371560,frankford township consolidated school district,NA,NA,NA,53,62,0
NJ,2015,371570,franklin borough school district,0,0,10,36,46,1
NJ,2015,371630,fredon township school district,NA,NA,16,NA,21,0
NJ,2015,371800,green township school district,NA,NA,30,NA,37,0
NJ,2015,371930,hamburg school district,NA,NA,NA,29,31,0
NJ,2015,371980,hampton township school district,0,0,25,11,36,1
NJ,2015,372030,hardyston township school district,0,0,29,35,64,1
NJ,2015,372165,high point regional high school district,0,0,56,36,92,1
NJ,2015,372240,hopatcong borough school district,0,0,117,27,144,1
NJ,2015,372465,kittatinny regional school district,0,0,88,0,88,0
NJ,2015,372490,lafayette township school district,NA,NA,NA,18,25,0
NJ,2015,372615,lenape valley regional high school district,0,0,20,46,66,1
NJ,2015,373300,montague township school district,0,0,16,12,28,1
NJ,2015,373590,newton public school district,0,0,87,68,155,1
NJ,2015,373840,ogdensburg borough school district,NA,2,13,17,32,1
NJ,2015,374650,sandyston-walpack consolidated school district,NA,NA,13,NA,18,0
NJ,2015,374960,sparta township public school district,NA,1,242,14,257,1
NJ,2015,375030,stanhope school district,NA,NA,21,NA,30,0
NJ,2015,375040,stillwater township school district,NA,NA,34,NA,37,0
NJ,2015,375100,sussex-wantage regional school district,0,0,117,20,137,1
NJ,2015,375105,sussex county educational services commission school distric,NA,NA,NA,NA,1,0
NJ,2015,375110,sussex county technical school district,NA,1,19,41,61,1
NJ,2015,375360,vernon township school district,NA,3,204,108,315,1
NJ,2015,375435,wallkill valley regional high school district,NA,NA,48,NA,56,0
NJ,2015,390310,berkeley heights school district,0,0,127,97,224,1
NJ,2015,390850,clark township public schools,NA,1,71,104,176,1
NJ,2015,390980,cranford public school district,NA,1,133,195,329,1
NJ,2015,391320,elizabeth public schools,NA,70,1505,253,1828,1
NJ,2015,391710,garwood boro,0,0,31,0,31,0
NJ,2015,392190,hillside board of education,NA,5,211,37,253,1
NJ,2015,392420,kenilworth school district,NA,NA,NA,114,120,0
NJ,2015,392660,linden public school district,NA,2,402,127,531,1
NJ,2015,393395,morris-union jointure commisson school district,0,0,75,22,97,1
NJ,2015,393470,mountainside school district,NA,NA,44,NA,54,0
NJ,2015,393560,new providence board of education,NA,1,35,139,175,1
NJ,2015,394160,plainfield public schools,NA,13,420,43,476,1
NJ,2015,394290,rahway public school district,NA,6,252,39,297,1
NJ,2015,394540,roselle public schools,NA,9,216,25,250,1
NJ,2015,394550,roselle park board of education,0,0,111,64,175,1
NJ,2015,394670,scotch plains-fanwood school district,NA,4,316,103,423,1
NJ,2015,395000,springfield public schools,NA,3,152,13,168,1
NJ,2015,395090,summit public schools,NA,1,166,171,338,1
NJ,2015,395245,union county educational services commission,NA,2,59,22,83,1
NJ,2015,395260,union county vocational-technical school district,NA,1,69,46,116,1
NJ,2015,395290,township of union public schools,NA,5,525,93,623,1
NJ,2015,395730,westfield public schools,NA,2,400,79,481,1
NJ,2015,395810,winfield township,NA,NA,15,NA,18,0
NJ,2015,410030,allamuchy township school district,0,0,11,23,34,1
NJ,2015,410070,alpha borough school district,NA,NA,20,NA,25,0
NJ,2015,410280,belvidere school district,0,0,35,30,65,1
NJ,2015,410400,blairstown elementary township school district,0,0,33,15,48,1
NJ,2015,411620,franklin township school district,NA,NA,19,NA,25,0
NJ,2015,411670,frelinghuysen township school district,NA,NA,12,NA,15,0
NJ,2015,411785,great meadows regional school district,0,0,46,27,73,1
NJ,2015,411840,greenwich township school district,NA,NA,54,NA,62,0
NJ,2015,411870,hackettstown public school district,0,0,47,89,136,1
NJ,2015,412040,harmony township school district,NA,NA,NA,21,26,0
NJ,2015,412250,hope township school district,NA,NA,19,NA,21,0
NJ,2015,412470,knowlton township school district,0,0,11,18,29,1
NJ,2015,412790,lopatcong township school district,NA,NA,59,NA,68,0
NJ,2015,412970,mansfield township elementary school district,0,0,32,25,57,1
NJ,2015,413675,north warren regional school district,0,0,53,30,83,1
NJ,2015,413890,oxford township school district,NA,NA,NA,28,31,0
NJ,2015,414100,phillipsburg school district,0,0,132,169,301,1
NJ,2015,414200,pohatcong township school district,NA,NA,26,NA,30,0
NJ,2015,415450,warren county special services school district,NA,NA,10,NA,11,0
NJ,2015,415460,warren county technical school district,0,0,29,13,42,1
NJ,2015,415465,warren hills regional school district,NA,NA,134,NA,138,0
NJ,2015,415480,washington borough school district,NA,1,27,20,48,1
NJ,2015,415530,washington township school district,NA,1,25,35,61,1
NJ,2015,415780,white township consolidated school district,NA,NA,35,NA,39,0
NJ,2016,010010,absecon city,0,0,22,46,68,1
NJ,2016,010110,atlantic city,NA,4,446,118,568,1
NJ,2016,010120,atlantic co vocational,0,0,94,21,115,1
NJ,2016,010125,atlantic co special serv,NA,NA,56,NA,61,0
NJ,2016,010570,brigantine city,NA,NA,NA,NA,68,0
NJ,2016,010590,buena regional,NA,1,118,41,160,1
NJ,2016,011300,egg harbor city,NA,2,17,30,49,1
NJ,2016,011310,egg harbor twp,NA,1,287,314,602,1
NJ,2016,011410,estell manor city,NA,NA,NA,NA,19,0
NJ,2016,011540,folsom boro,0,0,14,26,40,1
NJ,2016,011690,galloway twp,0,0,148,132,280,1
NJ,2016,011790,greater egg harbor reg,NA,5,255,20,280,1
NJ,2016,011940,hamilton twp,NA,4,170,85,259,1
NJ,2016,011960,hammonton town,NA,1,96,150,247,1
NJ,2016,012680,linwood city,0,0,34,43,77,1
NJ,2016,012910,mainland regional,0,0,83,25,108,1
NJ,2016,013020,margate city,0,0,16,31,47,1
NJ,2016,013480,mullica twp,0,0,39,15,54,1
NJ,2016,013720,northfield city,NA,1,19,71,91,1
NJ,2016,014180,pleasantville city,NA,11,374,26,411,1
NJ,2016,014240,port republic city,NA,NA,NA,NA,13,0
NJ,2016,014800,somers point city,0,0,68,34,102,1
NJ,2016,015350,ventnor city,0,0,38,36,74,1
NJ,2016,015760,weymouth twp,NA,NA,15,NA,18,0
NJ,2016,030040,allendale boro,0,0,65,19,84,1
NJ,2016,030080,alpine boro,0,0,13,13,26,1
NJ,2016,030285,bergen co special service,NA,7,54,126,187,1
NJ,2016,030290,bergen county vocational,NA,4,154,93,251,1
NJ,2016,030300,bergenfield boro,NA,2,145,117,264,1
NJ,2016,030440,bogota boro,NA,NA,NA,89,98,0
NJ,2016,030740,carlstadt boro,NA,NA,NA,34,42,0
NJ,2016,030745,carlstadt-east rutherford,NA,NA,36,NA,41,0
NJ,2016,030890,cliffside park boro,NA,1,82,68,151,1
NJ,2016,030930,closter boro,0,0,32,47,79,1
NJ,2016,030990,cresskill boro,0,0,85,46,131,1
NJ,2016,031070,demarest boro,0,0,59,15,74,1
NJ,2016,031130,dumont boro,0,0,160,57,217,1
NJ,2016,031230,east rutherford boro,0,0,24,41,65,1
NJ,2016,031270,edgewater boro,0,0,37,29,66,1
NJ,2016,031345,elmwood park,NA,2,131,16,149,1
NJ,2016,031360,emerson boro,0,0,76,19,95,1
NJ,2016,031370,englewood city,NA,3,173,32,208,1
NJ,2016,031380,englewood cliffs boro,0,0,14,42,56,1
NJ,2016,031450,fair lawn boro,NA,3,173,212,388,1
NJ,2016,031470,fairview boro,NA,4,46,40,90,1
NJ,2016,031550,fort lee boro,0,0,149,133,282,1
NJ,2016,031580,franklin lakes boro,0,0,47,99,146,1
NJ,2016,031700,garfield city,NA,1,389,36,426,1
NJ,2016,031760,glen rock boro,0,0,120,89,209,1
NJ,2016,031860,hackensack city,NA,3,361,41,405,1
NJ,2016,032050,harrington park boro,NA,NA,NA,54,55,0
NJ,2016,032080,hasbrouck heights boro,NA,NA,138,NA,140,0
NJ,2016,032090,haworth boro,NA,NA,36,NA,41,0
NJ,2016,032180,hillsdale boro,0,0,55,69,124,1
NJ,2016,032200,ho ho kus boro,0,0,22,34,56,1
NJ,2016,032620,leonia boro,NA,2,113,26,141,1
NJ,2016,032710,little ferry boro,0,0,22,30,52,1
NJ,2016,032740,lodi borough,NA,NA,224,NA,230,0
NJ,2016,032860,lyndhurst twp,NA,2,125,82,209,1
NJ,2016,032900,mahwah twp,0,0,161,104,265,1
NJ,2016,033060,maywood boro,0,0,22,53,75,1
NJ,2016,033170,midland park boro,0,0,67,36,103,1
NJ,2016,033330,montvale boro,0,0,13,63,76,1
NJ,2016,033350,moonachie boro,NA,NA,20,NA,30,0
NJ,2016,033550,new milford boro,NA,2,82,72,156,1
NJ,2016,033600,north arlington boro,0,0,102,24,126,1
NJ,2016,033700,northern highlands reg,0,0,92,26,118,1
NJ,2016,033710,northern valley regional,NA,2,90,147,239,1
NJ,2016,033730,northvale boro,0,0,36,13,49,1
NJ,2016,033740,norwood boro,0,0,27,19,46,1
NJ,2016,033760,oakland boro,0,0,34,91,125,1
NJ,2016,033850,old tappan boro,NA,NA,NA,55,64,0
NJ,2016,033870,oradell boro,0,0,40,18,58,1
NJ,2016,033910,palisades park,0,0,71,18,89,1
NJ,2016,033930,paramus boro,NA,2,202,130,334,1
NJ,2016,033940,park ridge boro,0,0,54,61,115,1
NJ,2016,033960,pascack valley regional,0,0,65,104,169,1
NJ,2016,034300,ramapo-indian hill reg,NA,1,76,131,208,1
NJ,2016,034310,ramsey boro,0,0,171,71,242,1
NJ,2016,034370,ridgefield boro,0,0,117,44,161,1
NJ,2016,034380,ridgefield park twp,NA,3,94,86,183,1
NJ,2016,034390,ridgewood village,NA,1,278,150,429,1
NJ,2016,034405,river dell regional,NA,2,91,33,126,1
NJ,2016,034410,river edge boro,0,0,58,39,97,1
NJ,2016,034430,river vale twp,NA,1,62,34,97,1
NJ,2016,034470,rochelle park twp,NA,NA,37,NA,41,0
NJ,2016,034600,rutherford boro,0,0,128,63,191,1
NJ,2016,034610,saddle brook twp,NA,1,101,62,164,1
NJ,2016,034620,saddle river boro,NA,NA,20,NA,22,0
NJ,2016,034845,south bergen jointure com,0,0,26,33,59,1
NJ,2016,034870,south hackensack twp,NA,NA,NA,21,23,0
NJ,2016,035150,teaneck twp,NA,2,253,71,326,1
NJ,2016,035160,tenafly boro,0,0,69,201,270,1
NJ,2016,035330,upper saddle river boro,0,0,90,23,113,1
NJ,2016,035410,waldwick boro,0,0,117,30,147,1
NJ,2016,035430,wallington boro,NA,1,59,30,90,1
NJ,2016,035755,westwood regional,NA,4,177,48,229,1
NJ,2016,035830,wood-ridge boro,0,0,70,16,86,1
NJ,2016,035880,woodcliff lake boro,0,0,47,29,76,1
NJ,2016,035920,wyckoff twp,0,0,33,144,177,1
NJ,2016,050200,bass river twp,NA,NA,11,NA,16,0
NJ,2016,050380,beverly city,NA,NA,27,NA,31,0
NJ,2016,050475,bordentown regional,0,0,102,70,172,1
NJ,2016,050600,burlington city,NA,3,131,52,186,1
NJ,2016,050605,burlington co spec serv,NA,1,71,27,99,1
NJ,2016,050610,burlington co vocational,0,0,129,18,147,1
NJ,2016,050620,burlington twp,NA,1,270,35,306,1
NJ,2016,050830,chesterfield twp,NA,NA,NA,NA,51,0
NJ,2016,050840,cinnaminson twp,NA,1,56,125,182,1
NJ,2016,051030,delanco twp,0,0,18,16,34,1
NJ,2016,051060,delran twp,NA,1,111,113,225,1
NJ,2016,051250,eastampton twp,0,0,26,26,52,1
NJ,2016,051280,edgewater park twp,0,0,12,57,69,1
NJ,2016,051420,evesham twp,0,0,73,307,380,1
NJ,2016,051520,florence twp,NA,2,118,12,132,1
NJ,2016,051910,hainesport twp,0,0,12,45,57,1
NJ,2016,052610,lenape regional,0,0,80,488,568,1
NJ,2016,052850,lumberton twp,NA,1,87,23,111,1
NJ,2016,052960,mansfield twp,0,0,24,30,54,1
NJ,2016,053010,maple shade twp,NA,1,129,26,156,1
NJ,2016,053070,medford lakes boro,0,0,17,23,40,1
NJ,2016,053080,medford twp,0,0,67,134,201,1
NJ,2016,053360,moorestown twp,0,0,60,246,306,1
NJ,2016,053430,mount holly twp,NA,2,34,59,95,1
NJ,2016,053440,mount laurel twp,NA,1,198,169,368,1
NJ,2016,053540,new hanover twp,0,0,15,11,26,1
NJ,2016,053650,north hanover twp,NA,1,95,11,107,1
NJ,2016,053690,northern burlington reg,0,0,85,68,153,1
NJ,2016,053920,palmyra boro,NA,2,26,52,80,1
NJ,2016,054050,pemberton twp,NA,2,326,183,511,1
NJ,2016,054320,rancocas valley regional,0,0,88,46,134,1
NJ,2016,054450,riverside twp,0,0,62,56,118,1
NJ,2016,054460,riverton,NA,NA,NA,22,30,0
NJ,2016,054740,shamong twp,0,0,41,25,66,1
NJ,2016,054930,southampton twp,0,0,57,11,68,1
NJ,2016,055010,springfield twp,NA,NA,22,NA,27,0
NJ,2016,055130,tabernacle twp,0,0,13,49,62,1
NJ,2016,055490,washington twp,NA,NA,NA,NA,5,0
NJ,2016,055720,westampton,NA,1,17,60,78,1
NJ,2016,055805,willingboro twp,NA,14,238,16,268,1
NJ,2016,055890,woodland twp,NA,NA,10,NA,13,0
NJ,2016,070150,audubon boro,0,0,100,34,134,1
NJ,2016,070190,barrington boro,NA,NA,52,NA,56,0
NJ,2016,070260,bellmawr boro,0,0,27,61,88,1
NJ,2016,070330,berlin boro,NA,NA,NA,59,67,0
NJ,2016,070340,berlin twp,NA,1,49,18,68,1
NJ,2016,070390,black horse pike regional,NA,3,179,89,271,1
NJ,2016,070580,brooklawn boro,NA,NA,29,NA,32,0
NJ,2016,070680,camden city,NA,71,732,NA,854,0
NJ,2016,070695,camden co ed serv comm,0,0,33,10,43,1
NJ,2016,070700,camden county vocational,NA,1,85,102,188,1
NJ,2016,070800,cherry hill twp,NA,NA,809,NA,820,0
NJ,2016,070880,clementon boro,NA,NA,34,NA,39,0
NJ,2016,070940,collingswood boro,NA,2,118,45,165,1
NJ,2016,071255,eastern camden county reg,0,0,93,43,136,1
NJ,2016,071720,gibbsboro boro,0,0,10,16,26,1
NJ,2016,071770,gloucester city,0,0,52,127,179,1
NJ,2016,071780,gloucester twp,NA,1,366,154,521,1
NJ,2016,071802,mastery of camden,0,0,0,0,0,0
NJ,2016,071880,haddon heights boro,NA,2,111,11,124,1
NJ,2016,071890,haddon twp,NA,2,74,81,157,1
NJ,2016,071900,haddonfield boro,0,0,44,139,183,1
NJ,2016,072540,laurel springs boro,NA,NA,NA,12,18,0
NJ,2016,072670,lindenwold boro,NA,4,200,15,219,1
NJ,2016,072890,magnolia boro,0,0,0,0,0,0
NJ,2016,073110,merchantville boro,NA,NA,31,NA,33,0
NJ,2016,073420,mount ephraim boro,NA,NA,NA,31,37,0
NJ,2016,073770,oaklyn boro,NA,NA,NA,NA,34,0
NJ,2016,074060,pennsauken twp,NA,4,301,25,330,1
NJ,2016,074110,pine hill boro,NA,1,118,64,183,1
NJ,2016,074590,runnemede boro,0,0,25,33,58,1
NJ,2016,074790,somerdale boro,NA,1,34,12,47,1
NJ,2016,075035,sterling high school dist,NA,NA,63,NA,70,0
NJ,2016,075080,stratford boro,0,0,16,61,77,1
NJ,2016,075400,voorhees twp,0,0,32,192,224,1
NJ,2016,075560,waterford twp,0,0,46,23,69,1
NJ,2016,075820,winslow twp,NA,9,363,61,433,1
NJ,2016,075900,woodlynne boro,NA,NA,NA,NA,30,0
NJ,2016,090170,avalon boro,NA,NA,NA,NA,16,0
NJ,2016,090710,cape may city,NA,NA,NA,NA,21,0
NJ,2016,090715,cape may co special serv,0,0,22,23,45,1
NJ,2016,090720,cape may co vocational,0,0,21,45,66,1
NJ,2016,091080,dennis twp,0,0,28,24,52,1
NJ,2016,092820,lower cape may regional,NA,2,79,49,130,1
NJ,2016,092840,lower twp,0,0,31,108,139,1
NJ,2016,093130,middle twp,NA,4,98,100,202,1
NJ,2016,093680,north wildwood city,0,0,11,28,39,1
NJ,2016,093780,ocean city,0,0,70,119,189,1
NJ,2016,095060,stone harbor boro,NA,NA,NA,NA,9,0
NJ,2016,095340,upper twp,0,0,18,99,117,1
NJ,2016,095610,west cape may boro,NA,NA,NA,NA,11,0
NJ,2016,095790,wildwood city,NA,2,32,59,93,1
NJ,2016,095800,wildwood crest boro,NA,NA,NA,29,31,0
NJ,2016,095840,woodbine boro,NA,NA,NA,NA,22,0
NJ,2016,110540,bridgeton city,NA,7,390,78,475,1
NJ,2016,110950,commercial twp,NA,1,31,16,48,1
NJ,2016,110995,cumberland co vocational,NA,NA,18,NA,23,0
NJ,2016,110997,cumberland regional,NA,1,48,24,73,1
NJ,2016,111020,deerfield twp,NA,NA,NA,23,30,0
NJ,2016,111120,downe twp,NA,NA,12,NA,18,0
NJ,2016,111460,fairfield twp,0,0,10,26,36,1
NJ,2016,111820,greenwich twp,NA,NA,17,NA,20,0
NJ,2016,112270,hopewell twp,NA,NA,NA,37,42,0
NJ,2016,112570,lawrence twp,0,0,10,29,39,1
NJ,2016,113050,maurice river twp,NA,NA,NA,22,31,0
NJ,2016,113230,millville city,NA,5,326,129,460,1
NJ,2016,115070,stow creek twp,NA,NA,17,NA,20,0
NJ,2016,115300,upper deerfield twp,0,0,32,46,78,1
NJ,2016,115390,vineland city,NA,4,413,373,790,1
NJ,2016,130250,belleville town,0,0,260,73,333,1
NJ,2016,130410,bloomfield twp,NA,2,122,398,522,1
NJ,2016,130660,caldwell-west caldwell,0,0,107,103,210,1
NJ,2016,130760,cedar grove twp,NA,2,95,36,133,1
NJ,2016,131210,east orange,NA,37,785,60,882,1
NJ,2016,131387,essex co ed serv comm,NA,9,37,22,68,1
NJ,2016,131390,essex co voc-tech,NA,5,153,18,176,1
NJ,2016,131400,essex fells boro,NA,NA,NA,21,30,0
NJ,2016,131465,fairfield twp,0,0,32,23,55,1
NJ,2016,131750,glen ridge boro,NA,2,119,34,155,1
NJ,2016,132330,irvington township,NA,17,447,50,514,1
NJ,2016,132730,livingston twp,NA,2,121,287,410,1
NJ,2016,133190,millburn twp,NA,2,297,93,392,1
NJ,2016,133310,montclair town,NA,5,335,208,548,1
NJ,2016,133570,newark city,65,183,1771,381,2400,0
NJ,2016,133630,north caldwell boro,0,0,41,25,66,1
NJ,2016,133750,nutley town,NA,6,204,25,235,1
NJ,2016,133880,city of orange twp,NA,18,409,NA,444,0
NJ,2016,134530,roseland boro,NA,2,20,17,39,1
NJ,2016,134900,south orange-maplewood,NA,8,252,205,465,1
NJ,2016,135370,verona boro,NA,3,110,60,173,1
NJ,2016,135630,west essex regional,0,0,85,64,149,1
NJ,2016,135680,west orange town,NA,3,392,191,586,1
NJ,2016,150860,clayton boro,NA,2,87,24,113,1
NJ,2016,150870,clearview regional,0,0,48,124,172,1
NJ,2016,151100,deptford twp,0,0,99,231,330,1
NJ,2016,151180,east greenwich twp,NA,2,68,29,99,1
NJ,2016,151330,elk twp,0,0,17,16,33,1
NJ,2016,151590,franklin twp,NA,2,89,21,112,1
NJ,2016,151715,gateway regional,0,0,64,14,78,1
NJ,2016,151730,glassboro,NA,6,169,15,190,1
NJ,2016,151774,gloucester co spec serv,NA,1,80,27,108,1
NJ,2016,151775,gloucester co vocational,NA,1,54,39,94,1
NJ,2016,151830,greenwich twp,0,0,27,19,46,1
NJ,2016,152070,harrison twp,0,0,101,14,115,1
NJ,2016,152440,kingsway regional,NA,2,165,14,181,1
NJ,2016,152750,logan twp,0,0,45,38,83,1
NJ,2016,152990,mantua twp,0,0,38,76,114,1
NJ,2016,153280,monroe twp,NA,10,351,92,453,1
NJ,2016,153490,national park boro,NA,NA,NA,21,27,0
NJ,2016,154020,paulsboro boro,0,0,93,13,106,1
NJ,2016,154140,pitman boro,0,0,118,23,141,1
NJ,2016,154880,south harrison twp,NA,NA,30,NA,31,0
NJ,2016,154940,delsea regional h.s dist.,0,0,102,25,127,1
NJ,2016,155120,swedesboro-woolwich,NA,NA,92,NA,98,0
NJ,2016,155500,washington twp,0,0,430,241,671,1
NJ,2016,155590,wenonah boro,NA,NA,NA,NA,24,0
NJ,2016,155620,west deptford twp,NA,5,130,80,215,1
NJ,2016,155740,westville boro,NA,NA,NA,26,33,0
NJ,2016,155860,woodbury city,0,0,33,99,132,1
NJ,2016,155870,woodbury heights boro,NA,NA,NA,18,24,0
NJ,2016,170220,bayonne city,0,0,620,148,768,1
NJ,2016,171200,east newark boro,NA,NA,17,NA,19,0
NJ,2016,171850,guttenberg town,0,0,36,40,76,1
NJ,2016,172060,harrison town,NA,1,74,91,166,1
NJ,2016,172210,hoboken city,NA,3,148,54,205,1
NJ,2016,172295,hudson county vocational,NA,1,182,18,201,1
NJ,2016,172390,jersey city,NA,44,1917,220,2181,1
NJ,2016,172410,kearny town,0,0,318,128,446,1
NJ,2016,173610,north bergen twp,0,0,539,36,575,1
NJ,2016,174730,secaucus town,NA,1,47,118,166,1
NJ,2016,175240,union city,NA,4,411,374,789,1
NJ,2016,175580,weehawken twp,0,0,96,14,110,1
NJ,2016,175670,west new york town,NA,3,308,245,556,1
NJ,2016,190020,alexandria twp,NA,2,16,32,50,1
NJ,2016,190370,bethlehem twp,0,0,16,30,46,1
NJ,2016,190430,bloomsbury boro,NA,NA,NA,10,15,0
NJ,2016,190670,califon boro,NA,NA,NA,13,19,0
NJ,2016,190910,clinton-glen gardner,NA,NA,NA,41,45,0
NJ,2016,190920,clinton twp,0,0,76,93,169,1
NJ,2016,191040,delaware twp,NA,NA,NA,48,49,0
NJ,2016,191050,delaware valley regional,NA,NA,65,NA,71,0
NJ,2016,191160,east amwell twp,0,0,11,32,43,1
NJ,2016,191376,south-hunterdon,0,0,48,53,101,1
NJ,2016,191510,flemington-raritan reg,NA,1,154,204,359,1
NJ,2016,191600,franklin twp,0,0,11,18,29,1
NJ,2016,191680,frenchtown boro,NA,NA,15,NA,19,0
NJ,2016,191970,hampton boro,NA,NA,10,NA,19,0
NJ,2016,192140,high bridge boro,0,0,23,20,43,1
NJ,2016,192220,holland twp,0,0,12,54,66,1
NJ,2016,192300,hunterdon central reg,NA,2,174,63,239,1
NJ,2016,192305,hunterdon co ed ser comm,NA,NA,NA,10,18,0
NJ,2016,192308,hunterdon co vocational,NA,NA,17,NA,18,0
NJ,2016,192450,kingwood twp,0,0,23,12,35,1
NJ,2016,192590,lebanon boro,NA,NA,NA,13,15,0
NJ,2016,192600,lebanon twp,0,0,52,10,62,1
NJ,2016,193180,milford boro,NA,NA,NA,NA,15,0
NJ,2016,193660,n hunt/voorhees regional,0,0,157,55,212,1
NJ,2016,194350,readington twp,0,0,51,118,169,1
NJ,2016,195180,tewksbury twp,0,0,10,52,62,1
NJ,2016,195270,union twp,NA,2,13,29,44,1
NJ,2016,211245,east windsor regional,NA,5,240,144,389,1
NJ,2016,211430,ewing twp,NA,2,244,87,333,1
NJ,2016,211950,hamilton twp,NA,4,486,442,932,1
NJ,2016,212280,hopewell valley regional,0,0,49,356,405,1
NJ,2016,212580,lawrence twp,0,0,161,99,260,1
NJ,2016,213103,mercer co special service,NA,1,14,86,101,1
NJ,2016,213105,mercer county vocational,0,0,16,21,37,1
NJ,2016,214255,princeton,NA,8,87,227,322,1
NJ,2016,215210,trenton city,NA,7,512,129,648,1
NJ,2016,215510,robbinsville twp,0,0,160,53,213,1
NJ,2016,215715,w windsor-plainsboro reg,0,0,46,644,690,1
NJ,2016,230750,carteret boro,NA,1,259,22,282,1
NJ,2016,230970,cranbury twp,0,0,33,18,51,1
NJ,2016,231140,dunellen boro,NA,NA,88,NA,95,0
NJ,2016,231170,east brunswick twp,NA,6,353,311,670,1
NJ,2016,231290,edison twp,NA,5,742,342,1089,1
NJ,2016,232150,highland park boro,NA,1,87,48,136,1
NJ,2016,232370,jamesburg boro,0,0,16,26,42,1
NJ,2016,233120,metuchen boro,NA,3,115,54,172,1
NJ,2016,233140,middlesex boro,0,0,148,58,206,1
NJ,2016,233145,middlesex co reg ser comm,NA,3,113,23,139,1
NJ,2016,233150,middlesex co vocational,NA,3,81,96,180,1
NJ,2016,233220,milltown boro,0,0,11,48,59,1
NJ,2016,233290,monroe twp,0,0,83,379,462,1
NJ,2016,233530,new brunswick city,NA,9,556,95,660,1
NJ,2016,233620,north brunswick twp,NA,2,287,217,506,1
NJ,2016,233845,old bridge twp,NA,2,227,442,671,1
NJ,2016,234090,perth amboy city,NA,10,714,92,816,1
NJ,2016,234130,piscataway twp,NA,16,408,114,538,1
NJ,2016,234660,sayreville boro,0,0,307,166,473,1
NJ,2016,234830,south amboy city,0,0,71,16,87,1
NJ,2016,234860,south brunswick twp,NA,3,366,263,632,1
NJ,2016,234910,south plainfield boro,NA,1,235,56,292,1
NJ,2016,234920,south river boro,NA,3,114,54,171,1
NJ,2016,234970,spotswood boro,0,0,77,68,145,1
NJ,2016,235850,woodbridge twp,0,0,155,718,873,1
NJ,2016,250100,asbury park,NA,10,130,33,173,1
NJ,2016,250130,atlantic highlands boro,NA,NA,NA,28,31,0
NJ,2016,250180,avon boro,NA,NA,NA,13,17,0
NJ,2016,250225,bayshore jointure comm,NA,NA,15,NA,18,0
NJ,2016,250270,belmar boro,0,0,38,16,54,1
NJ,2016,250500,bradley beach boro,0,0,23,11,34,1
NJ,2016,250560,brielle boro,0,0,17,32,49,1
NJ,2016,250945,colts neck twp,0,0,38,80,118,1
NJ,2016,251000,deal boro,NA,NA,14,NA,18,0
NJ,2016,251260,eatontown boro,0,0,50,56,106,1
NJ,2016,251440,fair haven boro,0,0,52,35,87,1
NJ,2016,251490,farmingdale boro,NA,NA,16,NA,23,0
NJ,2016,251640,freehold boro,NA,3,100,23,126,1
NJ,2016,251650,freehold regional,NA,4,632,107,743,1
NJ,2016,251660,freehold twp,0,0,37,303,340,1
NJ,2016,252105,hazlet twp,NA,1,195,63,259,1
NJ,2016,252120,henry hudson regional,0,0,12,22,34,1
NJ,2016,252160,highlands boro,NA,NA,NA,18,20,0
NJ,2016,252230,holmdel twp,0,0,34,228,262,1
NJ,2016,252290,howell twp,NA,7,467,112,586,1
NJ,2016,252400,keansburg boro,NA,3,56,80,139,1
NJ,2016,252430,keyport boro,NA,1,60,39,100,1
NJ,2016,252720,little silver boro,0,0,22,55,77,1
NJ,2016,252770,long branch city,NA,18,389,NA,421,0
NJ,2016,252920,manalapan-englishtown reg,0,0,333,25,358,1
NJ,2016,252930,manasquan boro,NA,1,32,98,131,1
NJ,2016,253030,marlboro twp,0,0,104,265,369,1
NJ,2016,253040,matawan-aberdeen regional,NA,2,178,145,325,1
NJ,2016,253160,middletown twp,NA,6,588,172,766,1
NJ,2016,253200,millstone twp,0,0,32,79,111,1
NJ,2016,253250,monmouth beach boro,NA,NA,NA,26,28,0
NJ,2016,253255,monmouth-ocean ed ser com,NA,2,10,41,53,1
NJ,2016,253260,monmouth co vocational,NA,1,48,169,218,1
NJ,2016,253270,monmouth regional,0,0,43,54,97,1
NJ,2016,253500,neptune city,NA,2,14,22,38,1
NJ,2016,253510,neptune twp,NA,1,251,58,310,1
NJ,2016,253810,ocean twp,NA,3,153,212,368,1
NJ,2016,253830,oceanport boro,NA,NA,NA,65,67,0
NJ,2016,254360,red bank boro,0,0,38,46,84,1
NJ,2016,254365,red bank regional,0,0,50,57,107,1
NJ,2016,254520,roosevelt boro,NA,NA,NA,NA,14,0
NJ,2016,254570,rumson boro,0,0,13,82,95,1
NJ,2016,254580,rumson-fair haven reg,NA,NA,71,NA,80,0
NJ,2016,254690,sea girt boro,NA,NA,NA,15,24,0
NJ,2016,254760,shore regional,NA,NA,NA,51,53,0
NJ,2016,254770,shrewsbury boro,NA,NA,NA,NA,45,0
NJ,2016,254980,spring lake boro,NA,NA,NA,22,30,0
NJ,2016,254990,spring lake heights boro,NA,NA,NA,32,33,0
NJ,2016,255185,tinton falls,NA,2,51,87,140,1
NJ,2016,255230,union beach,NA,NA,59,NA,60,0
NJ,2016,255310,upper freehold regional,NA,NA,NA,134,138,0
NJ,2016,255420,wall twp,0,0,193,134,327,1
NJ,2016,255640,west long branch boro,0,0,12,46,58,1
NJ,2016,270450,boonton town,NA,1,52,66,119,1
NJ,2016,270460,boonton twp,NA,1,21,27,49,1
NJ,2016,270630,butler boro,0,0,16,88,104,1
NJ,2016,270785,sch dist of the chathams,NA,1,148,164,313,1
NJ,2016,270820,chester twp,NA,NA,NA,111,114,0
NJ,2016,271090,denville twp,NA,1,61,80,142,1
NJ,2016,271110,dover town,NA,10,196,10,216,1
NJ,2016,271190,east hanover twp,0,0,84,29,113,1
NJ,2016,271530,florham park boro,NA,NA,83,NA,92,0
NJ,2016,271990,hanover park regional,0,0,80,52,132,1
NJ,2016,272000,hanover twp,0,0,17,114,131,1
NJ,2016,272010,harding township,0,0,24,12,36,1
NJ,2016,272380,jefferson twp,NA,1,138,179,318,1
NJ,2016,272460,kinnelon boro,NA,NA,159,NA,163,0
NJ,2016,272650,lincoln park boro,0,0,26,53,79,1
NJ,2016,272870,madison boro,0,0,84,134,218,1
NJ,2016,273090,mendham boro,0,0,18,36,54,1
NJ,2016,273100,mendham twp,0,0,11,62,73,1
NJ,2016,273240,mine hill twp,0,0,20,11,31,1
NJ,2016,273340,montville twp,NA,2,101,267,370,1
NJ,2016,273365,morris county vocational,0,0,40,30,70,1
NJ,2016,273370,morris hills regional,NA,1,187,61,249,1
NJ,2016,273380,morris plains boro,0,0,11,52,63,1
NJ,2016,273385,morris school district,NA,7,141,307,455,1
NJ,2016,273410,mount arlington boro,0,0,11,25,36,1
NJ,2016,273450,mount olive twp,NA,6,250,85,341,1
NJ,2016,273460,mountain lakes boro,0,0,33,112,145,1
NJ,2016,273520,netcong boro,0,0,14,13,27,1
NJ,2016,273950,parsippany-troy hills twp,0,0,429,189,618,1
NJ,2016,274000,long hill twp,0,0,20,42,62,1
NJ,2016,274080,pequannock twp,NA,5,157,23,185,1
NJ,2016,274330,randolph twp,NA,5,236,169,410,1
NJ,2016,274440,riverdale boro,NA,NA,NA,27,31,0
NJ,2016,274480,rockaway boro,NA,NA,NA,44,52,0
NJ,2016,274490,rockaway twp,0,0,71,166,237,1
NJ,2016,274560,roxbury twp,NA,2,166,155,323,1
NJ,2016,275520,washington twp,0,0,126,86,212,1
NJ,2016,275660,west morris regional,NA,1,129,59,189,1
NJ,2016,275770,wharton boro,0,0,54,24,78,1
NJ,2016,290185,barnegat twp,0,0,22,281,303,1
NJ,2016,290210,bay head boro,NA,NA,NA,12,17,0
NJ,2016,290230,beach haven boro,NA,NA,NA,11,13,0
NJ,2016,290320,berkeley twp,0,0,155,13,168,1
NJ,2016,290530,brick twp,0,0,607,156,763,1
NJ,2016,290770,central regional,0,0,140,10,150,1
NJ,2016,291150,eagleswood twp,NA,NA,12,NA,17,0
NJ,2016,292350,island heights boro,NA,NA,NA,NA,9,0
NJ,2016,292360,jackson twp,NA,3,284,363,650,1
NJ,2016,292480,lacey twp,0,0,165,175,340,1
NJ,2016,292500,lakehurst boro,0,0,11,23,34,1
NJ,2016,292520,lakewood twp,NA,2,374,20,396,1
NJ,2016,292550,lavallette boro,NA,NA,NA,20,21,0
NJ,2016,292690,little egg harbor twp,NA,1,100,36,137,1
NJ,2016,292760,long beach island,NA,NA,NA,NA,29,0
NJ,2016,292940,manchester twp,NA,3,147,146,296,1
NJ,2016,293790,ocean county vocational,0,0,46,65,111,1
NJ,2016,293800,ocean gate boro,NA,NA,NA,16,18,0
NJ,2016,293820,ocean twp,0,0,29,19,48,1
NJ,2016,294105,pinelands regional,NA,NA,153,NA,160,0
NJ,2016,294190,plumsted twp,NA,1,89,43,133,1
NJ,2016,294210,point pleasant boro,NA,1,102,124,227,1
NJ,2016,294220,point pleasant beach boro,0,0,11,65,76,1
NJ,2016,294710,seaside heights boro,NA,NA,NA,NA,22,0
NJ,2016,294950,southern regional,0,0,126,95,221,1
NJ,2016,295020,stafford twp,0,0,18,157,175,1
NJ,2016,295190,toms river regional,NA,2,620,568,1190,1
NJ,2016,295220,tuckerton boro,NA,NA,26,NA,30,0
NJ,2016,310420,bloomingdale boro,0,0,33,12,45,1
NJ,2016,310900,clifton city,NA,2,789,193,984,1
NJ,2016,311920,haledon boro,0,0,29,45,74,1
NJ,2016,312100,hawthorne boro,NA,2,125,69,196,1
NJ,2016,312510,lakeland regional,NA,1,26,67,94,1
NJ,2016,312700,little falls twp,NA,1,30,51,82,1
NJ,2016,313640,north haledon boro,NA,1,26,16,43,1
NJ,2016,313970,passaic city,NA,31,956,62,1049,1
NJ,2016,313975,passaic co ed serv comm,NA,NA,NA,NA,11,0
NJ,2016,313980,passaic co manchester reg,0,0,41,11,52,1
NJ,2016,313990,passaic valley regional,0,0,79,13,92,1
NJ,2016,313995,passaic county vocational,NA,1,187,95,283,1
NJ,2016,314010,paterson city,NA,45,1149,1055,2249,1
NJ,2016,314230,pompton lakes boro,0,0,74,67,141,1
NJ,2016,314270,prospect park boro,0,0,40,28,68,1
NJ,2016,314400,ringwood boro,0,0,17,18,35,1
NJ,2016,315200,totowa boro,NA,NA,69,NA,70,0
NJ,2016,315440,wanaque boro,NA,4,61,32,97,1
NJ,2016,315570,wayne twp,NA,1,361,189,551,1
NJ,2016,315650,west milford twp,NA,2,148,162,312,1
NJ,2016,315690,woodland park,0,0,54,35,89,1
NJ,2016,330060,alloway twp,0,0,15,17,32,1
NJ,2016,332800,lower alloways creek,NA,NA,19,NA,22,0
NJ,2016,332950,mannington twp,NA,NA,NA,NA,15,0
NJ,2016,333860,oldmans twp,NA,NA,16,NA,25,0
NJ,2016,334070,penns grv-carney's pt reg,0,0,119,51,170,1
NJ,2016,334075,pennsville,NA,1,107,53,161,1
NJ,2016,334150,pittsgrove twp,0,0,76,59,135,1
NJ,2016,334280,quinton twp,0,0,25,10,35,1
NJ,2016,334630,salem city,NA,2,97,10,109,1
NJ,2016,334635,salem co special service,NA,1,21,20,42,1
NJ,2016,334640,salem county vocational,0,0,20,27,47,1
NJ,2016,335320,upper pittsgrove twp,NA,NA,NA,35,36,0
NJ,2016,335910,woodstown-pilesgrove reg,NA,1,49,84,134,1
NJ,2016,350240,bedminster twp,0,0,15,35,50,1
NJ,2016,350350,bernards twp,0,0,89,380,469,1
NJ,2016,350490,bound brook boro,NA,NA,136,NA,140,0
NJ,2016,350510,branchburg twp,0,0,93,58,151,1
NJ,2016,350555,bridgewater-raritan reg,NA,3,316,439,758,1
NJ,2016,351610,franklin twp,NA,3,464,182,649,1
NJ,2016,351810,green brook twp,0,0,12,67,79,1
NJ,2016,352170,hillsborough twp,NA,6,388,267,661,1
NJ,2016,353000,manville boro,NA,1,90,19,110,1
NJ,2016,353320,montgomery twp,0,0,139,232,371,1
NJ,2016,353670,north plainfield boro,0,0,184,104,288,1
NJ,2016,354805,somerset co ed serv comm,NA,NA,NA,14,20,0
NJ,2016,354810,somerset co vocational,0,0,28,30,58,1
NJ,2016,354815,somerset hills regional,0,0,46,116,162,1
NJ,2016,354820,somerville boro,0,0,221,11,232,1
NJ,2016,354850,south bound brook,0,0,20,20,40,1
NJ,2016,355470,warren twp,NA,1,59,137,197,1
NJ,2016,355540,watchung boro,NA,1,14,42,57,1
NJ,2016,355550,watchung hills regional,0,0,106,60,166,1
NJ,2016,370090,andover reg,NA,1,30,27,58,1
NJ,2016,370640,byram twp,NA,NA,74,NA,80,0
NJ,2016,371560,frankford twp,NA,NA,NA,52,59,0
NJ,2016,371570,franklin boro,0,0,13,35,48,1
NJ,2016,371630,fredon twp,NA,NA,NA,14,23,0
NJ,2016,371800,green twp,NA,NA,31,NA,38,0
NJ,2016,371930,hamburg boro,NA,NA,NA,NA,33,0
NJ,2016,371980,hampton twp,NA,NA,27,NA,32,0
NJ,2016,372030,hardyston twp,0,0,10,56,66,1
NJ,2016,372165,high point regional,NA,1,44,48,93,1
NJ,2016,372240,hopatcong,NA,1,91,56,148,1
NJ,2016,372465,kittatinny regional,NA,NA,100,NA,101,0
NJ,2016,372490,lafayette twp,NA,NA,NA,26,29,0
NJ,2016,372615,lenape valley regional,0,0,20,45,65,1
NJ,2016,373300,montague twp,NA,NA,NA,20,29,0
NJ,2016,373590,newton town,NA,1,61,105,167,1
NJ,2016,373840,ogdensburg boro,NA,1,11,12,24,1
NJ,2016,374650,sandyston-walpack twp,NA,NA,NA,13,20,0
NJ,2016,374960,sparta twp,NA,1,252,21,274,1
NJ,2016,375030,stanhope boro,0,0,17,11,28,1
NJ,2016,375040,stillwater twp,NA,NA,31,NA,37,0
NJ,2016,375100,sussex-wantage regional,0,0,97,43,140,1
NJ,2016,375105,sussex co ed serv comm,NA,1,11,10,22,1
NJ,2016,375110,sussex county vocational,NA,NA,NA,48,57,0
NJ,2016,375360,vernon twp,NA,2,169,136,307,1
NJ,2016,375435,wallkill valley regional,0,0,46,12,58,1
NJ,2016,390310,berkeley heights twp,0,0,96,131,227,1
NJ,2016,390850,clark twp,0,0,51,123,174,1
NJ,2016,390980,cranford twp,0,0,127,216,343,1
NJ,2016,391320,elizabeth city,NA,36,1598,284,1918,1
NJ,2016,391710,garwood boro,NA,NA,27,NA,32,0
NJ,2016,392190,hillside twp,NA,7,213,40,260,1
NJ,2016,392420,kenilworth boro,NA,NA,NA,120,129,0
NJ,2016,392660,linden city,NA,2,378,116,496,1
NJ,2016,393395,morris-union jointure com,NA,1,73,25,99,1
NJ,2016,393470,mountainside boro,0,0,40,17,57,1
NJ,2016,393560,new providence boro,NA,1,26,155,182,1
NJ,2016,394160,plainfield city,NA,20,502,26,548,1
NJ,2016,394290,rahway city,NA,3,245,49,297,1
NJ,2016,394540,roselle boro,NA,5,233,19,257,1
NJ,2016,394550,roselle park boro,0,0,89,89,178,1
NJ,2016,394670,scotch plains-fanwood reg,NA,2,285,143,430,1
NJ,2016,395000,springfield twp,NA,1,151,12,164,1
NJ,2016,395090,summit city,0,0,150,195,345,1
NJ,2016,395245,union co ed serv comm,NA,1,51,34,86,1
NJ,2016,395260,union county vocational,NA,3,96,33,132,1
NJ,2016,395290,union twp,NA,5,502,95,602,1
NJ,2016,395730,westfield town,NA,1,390,89,480,1
NJ,2016,395810,winfield twp,NA,NA,NA,NA,16,0
NJ,2016,410030,allamuchy twp,NA,NA,NA,24,26,0
NJ,2016,410070,alpha boro,NA,NA,NA,12,21,0
NJ,2016,410280,belvidere town,0,0,29,43,72,1
NJ,2016,410400,blairstown twp,0,0,26,23,49,1
NJ,2016,411620,franklin twp,0,0,12,15,27,1
NJ,2016,411670,frelinghuysen twp,NA,NA,14,NA,16,0
NJ,2016,411785,great meadows regional,0,0,26,44,70,1
NJ,2016,411840,greenwich twp,0,0,46,19,65,1
NJ,2016,411870,hackettstown,0,0,43,104,147,1
NJ,2016,412040,harmony twp,NA,NA,NA,22,29,0
NJ,2016,412250,hope twp,NA,NA,20,NA,21,0
NJ,2016,412470,knowlton twp,NA,NA,18,NA,27,0
NJ,2016,412790,lopatcong twp,0,0,49,10,59,1
NJ,2016,412970,mansfield twp,0,0,38,22,60,1
NJ,2016,413675,north warren regional,NA,1,48,31,80,1
NJ,2016,413890,oxford twp,NA,NA,NA,25,32,0
NJ,2016,414100,phillipsburg town,0,0,122,164,286,1
NJ,2016,414200,pohatcong twp,NA,NA,25,NA,26,0
NJ,2016,415450,warren co special service,NA,NA,10,NA,12,0
NJ,2016,415460,warren county vocational,0,0,30,10,40,1
NJ,2016,415465,warren hills regional,NA,1,126,19,146,1
NJ,2016,415480,washington boro,0,0,23,25,48,1
NJ,2016,415530,washington twp,0,0,42,16,58,1
NJ,2016,415780,white twp,NA,NA,30,NA,39,0
